company_id,founded_year,company_age_years,category,country,funding_round,funding_total_usd_M,num_funding_rounds,num_employees,num_investors,num_milestones,num_relationships,top_tier_investor,revenue_proxy,market_size,has_patent,founder_experience,status
C0000,2014,10,AI/ML,Germany,Series C,18.41,4,242,8,7,9,0,2.9,1,0,2,operating
C0001,2000,24,Gaming,China,Series A,0.42,2,44,4,16,5,0,0.4,2,0,3,operating
C0002,2002,22,FinTech,Singapore,Series D+,83.16,6,1575,11,13,11,0,3.5,1,0,4,operating
C0003,2007,17,AI/ML,Japan,Seed,0.34,2,6,3,10,3,0,0.0,3,0,2,operating
C0004,2015,9,FinTech,Netherlands,Series A,4.51,3,123,6,8,5,0,1.1,2,0,5,operating
C0005,2000,24,AgriTech,South Korea,Seed,0.11,2,2,2,16,1,0,0.2,3,0,4,operating
C0006,2007,17,AI/ML,Singapore,Series A,2.19,3,15,6,11,7,0,0.9,1,0,1,acquired
C0007,2013,11,AI/ML,Sweden,Series A,0.42,3,40,5,9,6,1,0.2,2,0,5,operating
C0008,2003,21,AgriTech,Australia,IPO,934.64,7,2458,11,13,8,1,4.4,1,0,3,operating
C0009,2006,18,Hardware,France,Series D+,217.73,5,227,11,14,8,1,3.7,2,0,2,operating
C0010,2014,10,Gaming,Israel,Seed,0.49,2,2,0,10,0,0,0.4,3,1,1,operating
C0011,2021,3,Biotech,India,Seed,0.95,2,2,1,4,3,0,1.1,1,0,1,closed
C0012,2019,5,CleanTech,China,IPO,703.98,7,1187,10,1,11,0,4.9,2,0,2,operating
C0013,2018,6,E-Commerce,Sweden,Series A,3.51,3,5,2,4,4,0,1.0,2,0,2,acquired
C0014,2016,8,FinTech,Japan,Seed,0.48,1,7,0,5,2,0,0.3,1,0,4,operating
C0015,2002,22,FoodTech,Singapore,IPO,150.56,7,778,12,17,9,1,4.5,1,0,3,operating
C0016,2015,9,Software,USA,Seed,0.15,2,3,4,6,4,0,0.0,2,0,1,closed
C0017,2003,21,Logistics,UK,Seed,0.19,2,6,4,17,3,0,0.3,2,0,4,operating
C0018,2000,24,EdTech,France,Series A,3.02,2,11,3,16,5,1,1.2,2,0,2,operating
C0019,2016,8,Biotech,Brazil,Series C,53.75,4,129,10,4,10,0,3.0,1,1,4,operating
C0020,2000,24,Logistics,Germany,Seed,0.27,1,4,3,15,3,0,0.0,1,0,2,acquired
C0021,2009,15,Software,Germany,Series C,21.46,4,163,10,11,11,0,3.3,1,0,3,operating
C0022,2019,5,AI/ML,Israel,Seed,0.37,1,3,3,2,4,0,0.9,1,0,2,closed
C0023,2007,17,HealthTech,Singapore,IPO,362.8,7,5768,14,14,11,1,4.1,3,1,4,operating
C0024,2016,8,EdTech,Sweden,Series A,1.77,3,48,6,9,5,0,0.7,2,0,2,operating
C0025,2012,12,CleanTech,China,Seed,0.46,1,3,3,8,5,0,0.8,2,0,5,closed
C0026,2007,17,Software,USA,Series D+,146.21,5,344,9,13,8,0,3.0,2,0,2,operating
C0027,2003,21,Logistics,Australia,Series A,2.69,2,33,2,14,1,0,0.7,2,0,5,operating
C0028,2012,12,Gaming,USA,Series C,25.86,4,89,9,6,8,0,2.9,2,0,2,operating
C0029,2004,20,AgriTech,China,Series A,6.04,3,12,6,18,7,0,0.9,1,0,5,operating
C0030,2010,14,E-Commerce,France,Series B,12.89,4,84,8,8,6,0,1.6,1,0,5,operating
C0031,2019,5,Software,Canada,Seed,0.46,2,8,3,7,4,0,0.0,3,1,3,operating
C0032,2019,5,Biotech,Japan,Seed,0.5,1,3,2,5,4,0,0.0,3,0,2,closed
C0033,2014,10,Logistics,South Korea,Series D+,140.5,5,503,11,7,10,0,4.7,2,0,5,operating
C0034,2002,22,HealthTech,Canada,Series D+,556.23,6,307,9,16,10,0,4.1,1,0,3,operating
C0035,2016,8,HealthTech,Sweden,Series A,8.71,3,10,6,7,5,1,0.8,2,0,2,operating
C0036,2017,7,CleanTech,Netherlands,Series B,9.74,4,39,4,3,6,0,2.5,2,0,1,acquired
C0037,2002,22,Biotech,Singapore,Seed,0.51,1,15,2,17,3,0,0.0,1,0,5,operating
C0038,2007,17,Software,USA,Series B,6.78,4,66,5,10,5,0,2.4,2,0,3,operating
C0039,2015,9,SaaS,USA,Series A,6.91,3,19,3,6,4,0,1.0,2,0,3,operating
C0040,2005,19,Biotech,Germany,Series A,2.16,3,34,4,11,3,0,1.5,3,1,5,operating
C0041,2020,4,Biotech,Canada,Series A,3.38,2,10,4,6,3,0,0.0,2,1,4,operating
C0042,2017,7,E-Commerce,UK,Series B,18.62,4,58,7,3,5,1,2.6,2,0,1,operating
C0043,2012,12,FoodTech,Brazil,Series A,2.53,3,14,4,12,6,1,1.3,3,0,2,operating
C0044,2013,11,Gaming,France,Series A,4.72,2,13,4,11,6,1,1.7,1,0,5,operating
C0045,2016,8,AI/ML,Singapore,Seed,0.23,1,4,4,6,3,0,0.0,1,0,2,closed
C0046,2011,13,CleanTech,USA,Seed,0.22,2,2,1,9,3,0,0.2,1,0,4,acquired
C0047,2008,16,FoodTech,Netherlands,Seed,0.07,2,7,1,12,3,0,0.9,3,0,3,operating
C0048,2011,13,E-Commerce,South Korea,Seed,0.63,2,3,0,8,1,0,0.0,2,0,1,operating
C0049,2004,20,CleanTech,Brazil,Seed,0.26,1,7,0,12,0,0,0.0,2,0,4,acquired
C0050,2010,14,FoodTech,China,IPO,422.31,7,3871,14,9,11,0,4.8,1,0,2,operating
C0051,2012,12,FoodTech,Germany,Series B,8.52,4,251,6,10,5,0,2.8,2,0,2,operating
C0052,2007,17,FoodTech,China,Seed,0.08,1,11,2,10,4,0,0.0,3,0,5,operating
C0053,2004,20,Software,South Korea,Series C,31.34,5,154,7,16,7,0,2.7,2,0,4,operating
C0054,2007,17,CleanTech,Sweden,Seed,0.68,2,2,2,15,3,0,0.0,2,0,2,operating
C0055,2014,10,HealthTech,Israel,Series A,4.43,3,28,3,5,2,1,1.8,3,0,2,operating
C0056,2008,16,Software,Japan,Series A,2.96,3,26,4,15,3,1,0.9,2,0,1,operating
C0057,2009,15,EdTech,Singapore,Series C,72.82,4,49,7,14,6,0,2.8,1,0,1,operating
C0058,2005,19,AI/ML,Germany,Seed,0.83,1,3,1,14,1,0,0.0,1,0,1,closed
C0059,2018,6,Logistics,Netherlands,Seed,0.37,1,5,0,6,0,0,0.0,3,0,2,closed
C0060,2005,19,Software,India,Series C,32.54,4,130,8,12,7,0,3.4,3,0,5,operating
C0061,2002,22,CleanTech,USA,Seed,0.43,1,4,2,13,4,0,0.0,3,0,3,acquired
C0062,2021,3,FinTech,China,Seed,0.61,1,4,1,6,0,0,0.0,3,0,4,operating
C0063,2002,22,AgriTech,India,Series B,20.55,4,34,4,14,3,0,2.3,3,0,3,operating
C0064,2008,16,Software,Netherlands,Series B,4.71,4,124,6,14,7,1,1.9,2,0,5,operating
C0065,2008,16,Hardware,Germany,Series A,10.58,3,38,5,15,4,1,1.0,2,0,2,operating
C0066,2020,4,Logistics,USA,Series A,1.68,3,25,4,0,5,1,0.8,3,0,3,operating
C0067,2014,10,HealthTech,India,IPO,289.82,7,766,13,11,13,1,4.6,3,0,1,operating
C0068,2020,4,Hardware,India,Series A,1.25,2,8,4,1,3,0,1.1,2,0,2,operating
C0069,2016,8,EdTech,Japan,Seed,0.38,1,7,3,8,5,0,0.4,2,0,1,acquired
C0070,2008,16,Gaming,Sweden,IPO,532.22,7,1625,14,15,11,1,4.4,3,0,4,operating
C0071,2017,7,AI/ML,UK,Series A,6.68,3,54,4,5,6,0,0.9,2,0,1,operating
C0072,2012,12,HealthTech,Singapore,Series B,14.59,4,136,5,12,6,0,2.2,3,0,4,operating
C0073,2016,8,Logistics,Netherlands,Series A,13.0,3,20,5,9,4,0,0.1,3,0,3,closed
C0074,2017,7,CleanTech,Netherlands,Series A,0.67,3,12,5,5,6,0,1.4,3,0,5,acquired
C0075,2003,21,AI/ML,Germany,Seed,0.45,1,6,2,16,2,0,0.0,1,0,5,operating
C0076,2016,8,AgriTech,France,Series A,4.05,2,108,3,5,3,0,2.0,3,1,4,operating
C0077,2008,16,Biotech,Australia,Series A,2.29,2,8,2,10,4,1,1.2,3,0,4,operating
C0078,2007,17,AgriTech,Canada,Series B,12.49,3,54,7,13,8,1,1.8,2,0,2,operating
C0079,2007,17,E-Commerce,Israel,Series B,3.84,4,105,6,12,4,1,1.6,1,0,4,operating
C0080,2005,19,AgriTech,Australia,Seed,0.83,2,4,1,13,0,0,0.2,3,0,2,operating
C0081,2016,8,FoodTech,Australia,Series B,9.92,4,47,8,5,9,1,1.9,3,0,4,operating
C0082,2004,20,AgriTech,Netherlands,Seed,0.45,2,6,3,14,5,0,0.1,2,0,3,acquired
C0083,2011,13,FoodTech,Sweden,Series C,51.85,4,145,10,9,8,0,3.5,2,0,2,operating
C0084,2016,8,Logistics,Germany,Seed,0.43,1,10,4,5,6,0,0.0,1,0,4,operating
C0085,2014,10,Logistics,China,Series A,1.1,2,67,6,7,6,0,0.8,1,1,1,acquired
C0086,2011,13,Biotech,Sweden,Series A,3.3,2,32,4,12,4,0,0.4,1,0,3,operating
C0087,2013,11,AgriTech,Singapore,Series B,4.46,3,115,4,8,5,0,2.2,2,0,1,operating
C0088,2017,7,Biotech,Netherlands,Series A,0.86,2,39,2,2,4,0,0.9,1,0,1,closed
C0089,2021,3,AgriTech,Canada,Seed,0.92,2,3,3,0,3,0,0.0,2,0,2,closed
C0090,2001,23,Biotech,Sweden,Seed,0.51,1,5,2,16,2,0,0.7,2,0,2,operating
C0091,2014,10,FinTech,Netherlands,Series C,100.84,5,225,8,11,6,1,3.5,2,0,1,operating
C0092,2018,6,Logistics,UK,IPO,145.77,6,1091,14,8,14,0,5.0,1,0,1,operating
C0093,2009,15,Media,UK,Series A,1.95,2,10,2,14,4,0,0.9,3,0,4,operating
C0094,2019,5,Gaming,Netherlands,Series A,5.06,2,146,5,2,4,0,1.7,3,0,3,operating
C0095,2021,3,E-Commerce,Brazil,Series A,1.62,2,6,2,2,2,0,1.1,2,0,4,operating
C0096,2006,18,FoodTech,Israel,Series A,1.16,2,30,2,10,4,0,0.3,3,1,5,operating
C0097,2010,14,AI/ML,Sweden,Series D+,31.35,5,336,9,10,8,1,4.7,3,0,4,operating
C0098,2010,14,Gaming,Singapore,Series C,32.02,4,695,9,10,9,0,2.6,2,1,5,operating
C0099,2000,24,FinTech,Brazil,Seed,0.67,1,4,0,14,2,1,0.1,3,0,3,operating
C0100,2011,13,Biotech,France,Series B,7.25,3,108,4,13,6,1,2.2,3,0,2,operating
C0101,2007,17,Biotech,USA,Series D+,90.64,5,591,11,9,8,1,3.1,2,1,4,operating
C0102,2005,19,Biotech,India,Series A,2.06,2,28,2,13,4,0,1.4,3,0,5,operating
C0103,2021,3,Media,USA,Series B,26.3,4,33,8,2,9,0,2.3,2,1,3,operating
C0104,2013,11,E-Commerce,Israel,Series B,12.12,3,211,5,6,5,0,1.8,1,0,3,acquired
C0105,2017,7,HealthTech,Netherlands,Series B,30.46,3,84,8,5,8,0,1.7,1,0,5,operating
C0106,2014,10,FinTech,Netherlands,Series B,6.77,4,88,5,6,4,0,1.8,1,0,5,operating
C0107,2016,8,AgriTech,France,Series B,32.18,3,76,7,7,6,1,3.1,3,0,2,operating
C0108,2009,15,SaaS,South Korea,Series D+,50.28,5,329,11,9,11,0,4.5,1,0,1,operating
C0109,2004,20,AI/ML,India,Seed,0.62,1,6,4,12,4,1,0.6,2,0,5,operating
C0110,2001,23,Logistics,Singapore,Series A,8.38,3,43,6,20,4,0,1.1,2,0,4,operating
C0111,2000,24,CleanTech,China,Series B,3.71,4,37,4,20,6,0,2.0,1,0,2,operating
C0112,2011,13,E-Commerce,Canada,Series A,6.14,2,12,5,8,5,0,0.8,1,0,4,operating
C0113,2014,10,EdTech,South Korea,Seed,0.21,1,5,3,5,5,0,0.0,1,0,4,closed
C0114,2019,5,FoodTech,China,Series B,13.84,3,66,8,4,7,1,1.5,2,0,1,operating
C0115,2010,14,SaaS,USA,Series C,45.91,5,188,8,12,8,0,1.7,2,0,2,operating
C0116,2009,15,Logistics,UK,Series D+,178.79,6,716,8,14,6,1,3.4,3,0,2,operating
C0117,2021,3,SaaS,India,Series A,1.27,3,29,6,3,6,0,1.2,1,0,4,operating
C0118,2011,13,FinTech,South Korea,IPO,84.98,7,1017,13,8,10,1,3.9,2,0,3,operating
C0119,2004,20,AgriTech,UK,Series C,24.76,4,192,7,16,7,0,2.4,2,1,4,operating
C0120,2007,17,FinTech,France,Series C,13.7,5,345,9,12,8,0,2.0,2,0,5,operating
C0121,2004,20,Logistics,Canada,Seed,0.27,2,1,4,13,5,0,0.0,1,0,5,operating
C0122,2003,21,EdTech,South Korea,Series A,4.6,2,11,5,18,4,0,0.7,3,0,1,operating
C0123,2009,15,Logistics,Canada,Series C,25.1,4,373,7,11,8,1,2.7,2,0,3,operating
C0124,2016,8,HealthTech,Israel,Series B,12.37,3,50,8,6,6,0,2.2,3,1,1,operating
C0125,2020,4,EdTech,Germany,Series A,3.07,3,24,4,6,5,0,1.5,2,1,4,operating
C0126,2007,17,Software,Sweden,Series C,14.82,5,492,8,9,9,0,3.0,2,1,2,operating
C0127,2003,21,Hardware,China,Series A,2.71,2,29,5,13,6,1,1.0,1,0,4,operating
C0128,2017,7,Hardware,Singapore,IPO,213.89,7,1229,12,7,9,0,4.9,3,0,1,operating
C0129,2020,4,AgriTech,India,Series C,93.78,5,183,9,2,10,0,2.9,3,0,3,operating
C0130,2011,13,AI/ML,Israel,Series C,200.67,5,381,8,13,7,0,3.1,2,0,2,operating
C0131,2000,24,Hardware,Israel,Series C,31.27,4,288,7,15,7,0,3.1,2,0,5,operating
C0132,2003,21,SaaS,Germany,Seed,0.23,2,7,4,12,6,0,0.0,3,0,4,operating
C0133,2009,15,FinTech,Germany,Series D+,36.57,5,1198,12,9,10,1,3.4,2,0,5,operating
C0134,2004,20,FoodTech,UK,Series B,44.53,4,248,5,17,5,0,1.3,2,0,2,operating
C0135,2003,21,HealthTech,China,Series A,1.17,2,22,2,18,1,1,1.1,3,0,4,operating
C0136,2000,24,HealthTech,South Korea,Series A,6.11,2,35,5,16,6,0,0.3,2,0,5,operating
C0137,2021,3,Media,USA,Series A,0.69,2,27,4,1,5,0,1.2,2,0,2,operating
C0138,2017,7,AI/ML,France,Series D+,99.12,6,274,8,5,6,1,3.5,2,0,4,operating
C0139,2009,15,FoodTech,Israel,Series A,2.1,2,64,5,8,4,0,1.0,2,0,2,operating
C0140,2014,10,AI/ML,Canada,Seed,0.48,1,5,4,6,4,0,0.4,3,0,3,closed
C0141,2016,8,EdTech,Israel,Series A,2.75,2,30,6,3,4,0,0.5,3,0,1,acquired
C0142,2010,14,Logistics,India,Seed,0.52,2,14,1,7,1,0,0.0,2,0,4,operating
C0143,2009,15,CleanTech,Canada,IPO,297.26,7,3596,14,11,12,1,4.6,1,0,4,operating
C0144,2008,16,Gaming,Netherlands,Series B,15.65,4,207,4,14,5,0,1.7,1,0,1,operating
C0145,2010,14,Media,India,Series C,11.13,5,225,6,10,4,0,2.5,3,0,2,operating
C0146,2005,19,Gaming,Germany,Series C,71.88,4,154,8,12,8,0,2.5,1,0,4,operating
C0147,2003,21,Media,China,Series C,50.88,4,144,6,18,4,0,3.3,1,0,3,operating
C0148,2004,20,AI/ML,Australia,Series B,42.45,4,91,5,17,5,0,2.0,3,0,3,operating
C0149,2010,14,Gaming,Japan,Series D+,47.41,6,957,9,12,9,0,2.8,1,1,1,operating
C0150,2019,5,EdTech,UK,Series D+,69.37,5,720,8,7,9,0,4.0,3,0,1,operating
C0151,2015,9,FinTech,South Korea,Seed,0.21,2,6,3,4,5,0,0.0,3,0,5,operating
C0152,2013,11,EdTech,China,Series C,34.89,4,239,8,8,6,0,3.1,1,0,2,operating
C0153,2005,19,CleanTech,Netherlands,Seed,0.21,1,4,2,14,1,1,0.2,2,0,3,acquired
C0154,2018,6,E-Commerce,Brazil,Series C,20.83,4,383,6,5,6,0,2.9,2,1,1,operating
C0155,2019,5,Software,Israel,Series A,0.84,2,39,2,4,3,0,1.1,2,0,5,operating
C0156,2015,9,FoodTech,USA,Seed,0.42,1,10,3,8,4,0,0.1,1,0,2,acquired
C0157,2012,12,Software,Israel,Series B,5.52,3,74,5,9,4,1,1.8,3,0,4,operating
C0158,2021,3,Gaming,Germany,Series C,34.68,4,69,6,6,5,1,2.3,2,1,3,operating
C0159,2000,24,Gaming,Brazil,Series A,12.97,3,18,4,18,6,0,0.8,1,0,3,operating
C0160,2000,24,FinTech,Japan,Series A,3.25,3,55,3,16,3,0,0.5,2,1,3,operating
C0161,2008,16,Media,France,Seed,0.33,1,5,4,15,4,0,0.7,3,0,5,operating
C0162,2006,18,Software,South Korea,IPO,485.71,7,1929,14,16,13,1,4.3,2,0,4,operating
C0163,2018,6,Biotech,China,Series B,23.04,4,85,5,4,6,0,2.7,2,0,5,operating
C0164,2017,7,Hardware,Netherlands,Seed,0.55,1,2,1,6,1,0,0.2,2,1,2,acquired
C0165,2005,19,FoodTech,USA,Series C,25.51,4,580,10,17,8,0,2.6,3,0,4,operating
C0166,2008,16,Gaming,Sweden,Series A,4.53,3,8,4,9,4,0,0.4,1,0,4,operating
C0167,2000,24,EdTech,Israel,Series A,6.51,2,57,4,19,5,0,1.4,2,0,4,operating
C0168,2003,21,HealthTech,USA,Seed,0.41,1,6,3,13,4,0,0.0,2,0,5,operating
C0169,2004,20,FoodTech,Brazil,Series C,15.01,4,83,9,13,10,0,2.8,1,1,4,operating
C0170,2008,16,EdTech,China,Series B,36.39,3,92,6,11,5,0,1.4,2,0,5,operating
C0171,2006,18,Gaming,Australia,Series B,14.86,3,39,6,14,6,0,2.1,3,0,1,operating
C0172,2018,6,CleanTech,Brazil,Seed,0.29,1,4,4,5,4,0,0.1,3,1,3,operating
C0173,2019,5,EdTech,USA,Series A,2.63,3,37,5,4,7,0,0.9,2,0,3,closed
C0174,2017,7,SaaS,UK,Series B,11.23,4,141,6,8,6,0,1.7,3,1,5,operating
C0175,2016,8,Software,USA,Series A,1.5,2,13,4,7,3,0,1.3,3,0,3,acquired
C0176,2020,4,Hardware,Brazil,Series A,1.68,3,41,2,5,3,0,0.8,2,1,5,acquired
C0177,2008,16,EdTech,Japan,Series C,51.28,5,380,6,10,5,1,2.9,2,0,2,operating
C0178,2018,6,Logistics,South Korea,Series A,1.88,2,21,3,3,5,0,0.1,1,0,3,operating
C0179,2006,18,AI/ML,China,Seed,0.42,1,5,2,14,3,0,0.0,2,0,4,operating
C0180,2017,7,Biotech,Netherlands,Series B,16.89,4,108,7,6,7,0,1.8,2,1,2,acquired
C0181,2016,8,SaaS,Japan,Series A,2.6,3,24,3,8,3,0,0.4,2,0,5,operating
C0182,2000,24,Gaming,Australia,Seed,0.85,2,5,3,15,4,0,0.0,3,0,1,closed
C0183,2000,24,Hardware,South Korea,IPO,414.54,6,2579,14,18,13,0,4.5,2,1,3,operating
C0184,2004,20,E-Commerce,Japan,Seed,0.53,2,4,0,14,2,0,0.6,1,0,5,operating
C0185,2001,23,Logistics,Germany,Seed,0.31,2,17,0,17,0,0,0.0,3,1,3,operating
C0186,2020,4,Gaming,Japan,Series B,68.05,3,44,7,2,7,0,2.1,2,1,2,operating
C0187,2004,20,FoodTech,South Korea,Series D+,170.82,6,814,9,14,7,0,3.9,2,0,1,operating
C0188,2005,19,FinTech,Brazil,Series C,12.23,4,164,9,12,10,1,2.6,2,1,5,operating
C0189,2006,18,SaaS,USA,Series A,5.19,2,11,5,16,6,1,1.0,3,0,3,operating
C0190,2002,22,FinTech,Israel,Series B,13.44,3,117,7,19,8,1,2.1,1,0,3,operating
C0191,2006,18,Hardware,Japan,Seed,0.98,1,6,2,12,1,0,0.0,2,0,1,acquired
C0192,2021,3,HealthTech,Israel,Series A,3.28,3,36,3,0,3,1,0.5,1,0,3,operating
C0193,2020,4,Biotech,Sweden,IPO,474.55,7,1675,11,5,9,1,5.0,3,0,5,operating
C0194,2000,24,Media,Japan,Seed,0.4,1,5,3,17,3,0,0.0,2,0,1,operating
C0195,2017,7,EdTech,Singapore,Series B,13.82,4,53,7,5,7,0,2.5,2,0,2,operating
C0196,2012,12,AI/ML,Israel,Series D+,72.09,6,937,8,8,8,0,3.8,3,0,4,operating
C0197,2010,14,Gaming,Brazil,Seed,0.28,1,6,2,12,1,0,0.4,1,0,3,acquired
C0198,2006,18,Software,Singapore,Series A,7.02,2,17,4,10,5,0,1.5,2,0,3,operating
C0199,2000,24,Software,India,Seed,0.14,1,5,4,15,3,0,0.0,3,0,3,operating
C0200,2011,13,EdTech,UK,Series C,21.38,4,90,7,11,5,0,2.0,2,0,4,operating
C0201,2003,21,FoodTech,Singapore,Series A,2.41,2,46,4,18,3,0,0.6,3,0,1,operating
C0202,2019,5,AI/ML,China,Series A,4.22,2,5,2,2,4,0,0.4,1,1,4,acquired
C0203,2003,21,HealthTech,UK,Series C,33.62,5,394,10,12,11,0,2.5,3,0,5,operating
C0204,2007,17,HealthTech,China,Series B,12.84,4,49,6,10,6,0,2.2,2,0,4,operating
C0205,2020,4,AgriTech,Singapore,Series B,19.93,3,142,7,0,5,0,1.6,1,0,2,acquired
C0206,2016,8,FoodTech,Singapore,Seed,0.63,1,2,2,3,3,0,0.0,2,0,2,operating
C0207,2016,8,FinTech,India,Seed,0.14,1,4,4,5,4,0,0.9,3,0,3,acquired
C0208,2009,15,Media,Australia,Series C,83.87,5,490,8,8,6,1,2.9,3,0,3,operating
C0209,2015,9,Biotech,Germany,Seed,0.17,2,3,0,9,0,0,0.1,1,0,2,closed
C0210,2004,20,E-Commerce,Canada,Seed,0.28,1,2,4,15,4,0,0.1,3,0,4,operating
C0211,2009,15,Biotech,Sweden,Series D+,117.83,6,425,8,9,7,0,3.6,1,0,1,operating
C0212,2011,13,Media,USA,Seed,0.53,1,21,1,10,3,0,0.0,1,1,4,operating
C0213,2011,13,HealthTech,Germany,Series A,2.82,2,14,3,12,4,0,0.1,2,0,3,operating
C0214,2001,23,FinTech,Australia,Series D+,176.68,5,613,11,15,9,0,3.5,2,0,4,operating
C0215,2009,15,E-Commerce,USA,Series A,1.99,3,32,2,9,2,0,1.3,1,0,4,operating
C0216,2018,6,SaaS,Australia,Series B,36.27,4,173,5,5,4,1,1.9,3,1,1,operating
C0217,2004,20,SaaS,Netherlands,Seed,0.34,2,7,2,17,2,0,0.0,2,0,3,operating
C0218,2013,11,AgriTech,South Korea,Series A,0.8,2,26,4,10,4,0,1.2,2,0,1,acquired
C0219,2020,4,SaaS,India,Series A,3.28,3,42,3,3,3,0,0.6,2,1,4,operating
C0220,2010,14,AI/ML,South Korea,Series A,1.84,3,59,2,7,2,0,1.2,3,0,4,operating
C0221,2000,24,FinTech,China,Series A,2.79,2,9,2,18,1,0,1.1,2,0,5,operating
C0222,2009,15,FinTech,Netherlands,Series A,1.38,2,15,6,12,4,1,0.7,2,0,1,operating
C0223,2015,9,Gaming,France,Series C,169.18,4,101,10,10,8,0,2.6,2,0,5,operating
C0224,2005,19,Biotech,China,Series C,52.11,5,66,6,16,6,0,3.3,1,0,3,operating
C0225,2014,10,FoodTech,France,Series A,1.55,3,16,4,9,3,0,1.6,2,0,1,operating
C0226,2012,12,Biotech,UK,Series D+,176.36,5,1893,8,10,9,0,3.8,2,1,2,operating
C0227,2006,18,Software,UK,Series C,82.33,4,242,10,12,10,0,3.1,3,0,1,operating
C0228,2000,24,CleanTech,Israel,Series A,2.16,3,30,4,19,3,0,1.6,2,0,3,operating
C0229,2007,17,EdTech,Netherlands,Seed,0.21,2,3,3,15,2,0,0.1,3,0,5,operating
C0230,2014,10,Logistics,Canada,Seed,0.24,2,4,2,11,2,0,0.0,2,0,3,closed
C0231,2001,23,Software,Singapore,Series C,23.99,5,210,6,15,5,0,3.1,2,1,5,operating
C0232,2006,18,E-Commerce,Japan,Series B,5.41,4,30,4,16,5,0,2.2,2,0,2,operating
C0233,2012,12,Gaming,Brazil,Series B,31.56,3,27,8,8,7,0,1.8,1,1,2,operating
C0234,2018,6,Biotech,Japan,Series C,87.11,5,286,6,8,6,0,2.0,2,1,2,operating
C0235,2003,21,FoodTech,South Korea,Series C,35.94,4,438,9,13,7,0,2.5,2,0,5,operating
C0236,2014,10,EdTech,UK,Series B,12.94,4,68,4,10,5,0,1.6,2,1,3,operating
C0237,2005,19,Software,Canada,Seed,0.68,2,7,2,15,3,0,0.0,1,1,3,closed
C0238,2015,9,HealthTech,Australia,Series A,3.07,3,33,4,5,5,0,0.0,2,1,5,closed
C0239,2009,15,Media,India,Seed,1.27,1,15,2,13,2,0,0.0,3,0,4,acquired
C0240,2005,19,Hardware,Germany,Series B,11.55,4,54,6,17,5,0,2.8,2,0,2,operating
C0241,2000,24,HealthTech,UK,Series B,5.2,4,100,5,20,4,0,2.1,2,0,4,operating
C0242,2002,22,FoodTech,Canada,Series B,27.72,4,95,7,18,6,0,1.9,3,1,2,operating
C0243,2019,5,FoodTech,USA,Series D+,151.51,5,807,12,3,11,0,4.2,3,1,3,operating
C0244,2009,15,FinTech,China,Series B,37.75,3,186,8,13,7,0,2.0,3,1,3,operating
C0245,2006,18,Biotech,India,Seed,0.35,2,1,1,13,2,0,0.0,2,0,5,operating
C0246,2006,18,Gaming,Brazil,Series A,1.01,3,13,6,11,5,0,1.3,1,0,2,operating
C0247,2002,22,CleanTech,Netherlands,Seed,0.43,1,4,1,13,2,0,0.0,3,0,3,acquired
C0248,2009,15,Software,Sweden,Series A,6.12,2,27,2,11,2,0,1.8,2,0,3,operating
C0249,2002,22,Gaming,France,Series C,52.08,4,130,6,18,7,1,3.7,2,0,4,operating
C0250,2007,17,Gaming,France,Series A,1.39,3,31,5,13,5,0,0.0,3,0,1,acquired
C0251,2002,22,E-Commerce,Brazil,Series D+,285.74,5,295,12,18,12,0,3.3,3,0,4,operating
C0252,2009,15,Logistics,South Korea,Series C,103.46,5,302,9,8,7,0,2.7,3,1,3,operating
C0253,2012,12,Hardware,Sweden,Series A,7.92,3,22,3,11,3,0,1.1,2,0,2,operating
C0254,2020,4,EdTech,Netherlands,Seed,0.17,1,7,0,3,1,0,0.2,2,0,1,operating
C0255,2002,22,Software,Japan,Series C,25.48,5,101,6,17,5,0,3.1,1,1,3,operating
C0256,2000,24,AgriTech,USA,Seed,0.65,1,15,1,19,0,0,0.0,2,0,1,operating
C0257,2007,17,Biotech,Sweden,IPO,488.15,6,623,13,10,11,0,4.7,2,0,2,operating
C0258,2016,8,Logistics,Germany,Series B,5.65,4,37,6,6,4,1,1.8,3,0,2,operating
C0259,2011,13,FinTech,Canada,Seed,0.7,1,2,4,7,5,0,0.0,2,0,2,closed
C0260,2002,22,CleanTech,China,Series C,62.56,5,102,7,19,7,0,2.3,2,1,1,operating
C0261,2002,22,Biotech,Netherlands,Series A,6.12,3,21,6,18,4,0,0.9,2,0,1,operating
C0262,2004,20,SaaS,Brazil,Series A,2.68,2,21,5,14,5,0,0.5,2,0,3,operating
C0263,2012,12,Logistics,China,Seed,0.24,2,4,4,10,3,0,0.3,2,0,4,operating
C0264,2007,17,Hardware,South Korea,Series A,2.48,2,32,3,15,4,1,0.7,1,0,1,operating
C0265,2009,15,SaaS,Sweden,Series A,3.51,3,32,4,12,6,0,0.6,1,1,1,operating
C0266,2002,22,Logistics,Canada,Seed,0.93,2,3,4,15,3,0,0.2,1,0,1,closed
C0267,2014,10,Biotech,Brazil,Series A,1.16,3,20,3,6,5,0,0.7,2,1,3,acquired
C0268,2002,22,AgriTech,Japan,Seed,0.66,2,1,1,16,3,0,0.5,3,0,4,operating
C0269,2004,20,Hardware,Netherlands,Seed,0.17,1,3,3,17,5,0,0.0,2,0,1,operating
C0270,2006,18,Biotech,Israel,IPO,351.36,6,2272,12,15,10,1,3.9,3,0,2,operating
C0271,2011,13,Logistics,Netherlands,Series A,2.28,3,30,3,7,2,0,1.1,2,0,3,acquired
C0272,2003,21,FinTech,Sweden,Seed,0.55,2,4,2,17,1,0,0.0,3,1,4,operating
C0273,2017,7,FoodTech,USA,Seed,0.16,1,7,3,8,3,0,0.1,2,0,2,closed
C0274,2008,16,Hardware,Netherlands,Seed,0.29,2,2,2,11,3,0,0.0,2,0,2,acquired
C0275,2021,3,Hardware,India,Seed,0.36,1,4,4,2,4,0,0.0,1,0,4,operating
C0276,2001,23,AI/ML,Canada,Seed,2.19,2,10,3,17,2,0,0.0,1,0,5,operating
C0277,2021,3,FinTech,Japan,Series A,4.18,2,15,5,3,4,0,0.4,2,0,2,operating
C0278,2019,5,EdTech,Australia,Series B,6.74,4,171,5,5,5,1,2.6,1,0,5,operating
C0279,2019,5,FinTech,Canada,Series D+,59.55,5,318,11,7,10,0,4.1,2,0,3,operating
C0280,2003,21,EdTech,Canada,Series A,4.86,2,74,4,18,3,0,0.1,2,0,5,operating
C0281,2010,14,CleanTech,USA,Series B,6.21,4,53,5,8,7,0,1.7,1,0,3,operating
C0282,2009,15,Gaming,UK,Series D+,59.38,6,406,12,9,12,0,4.2,2,0,5,operating
C0283,2019,5,HealthTech,Singapore,Series B,15.65,4,38,4,4,4,1,1.7,1,0,1,operating
C0284,2003,21,E-Commerce,Japan,Seed,0.81,2,2,1,16,2,0,0.8,2,1,5,operating
C0285,2013,11,Biotech,Israel,Series C,74.3,4,304,9,5,10,0,2.9,2,1,3,operating
C0286,2003,21,Media,China,Series A,2.32,3,13,5,12,4,0,0.9,2,0,3,operating
C0287,2020,4,Media,USA,Series B,4.88,4,50,8,2,9,0,1.4,2,0,5,operating
C0288,2007,17,EdTech,Japan,Seed,0.26,1,4,2,13,2,0,0.0,2,0,5,acquired
C0289,2015,9,CleanTech,South Korea,Seed,0.21,1,6,3,7,5,0,0.3,2,0,5,acquired
C0290,2021,3,Logistics,Japan,Series A,7.15,2,24,4,3,6,0,0.9,2,0,4,acquired
C0291,2011,13,AI/ML,UK,Series A,3.39,3,22,4,9,6,0,1.7,1,0,3,operating
C0292,2014,10,FinTech,Canada,Series A,1.81,2,91,5,6,5,0,1.3,1,0,1,acquired
C0293,2021,3,Logistics,Canada,Series A,1.32,2,66,3,2,5,0,0.6,2,0,2,closed
C0294,2000,24,Logistics,UK,Series A,3.58,2,13,4,19,4,0,0.8,3,1,3,operating
C0295,2021,3,AgriTech,China,Series B,13.65,4,108,4,0,4,0,2.5,2,0,1,operating
C0296,2001,23,Gaming,China,Seed,1.14,2,8,0,20,1,0,0.0,2,0,1,operating
C0297,2015,9,Gaming,South Korea,Series B,9.64,3,140,4,10,6,0,1.9,1,0,2,operating
C0298,2017,7,FoodTech,Germany,Series A,3.95,2,13,3,3,4,0,1.7,3,0,2,closed
C0299,2009,15,EdTech,Netherlands,Series A,1.62,2,19,3,11,4,0,1.0,3,0,5,operating
C0300,2011,13,Hardware,USA,Seed,0.54,2,6,3,7,3,0,0.6,2,0,1,operating
C0301,2013,11,Media,Sweden,Seed,0.34,1,4,0,6,0,0,0.2,2,0,3,closed
C0302,2014,10,AgriTech,France,Seed,0.22,1,8,3,11,3,0,0.0,3,1,4,operating
C0303,2007,17,E-Commerce,South Korea,Series B,24.6,4,88,8,13,6,0,2.1,3,0,4,operating
C0304,2010,14,Software,Brazil,Series B,2.85,4,24,7,7,5,0,2.2,1,1,5,operating
C0305,2017,7,Media,Singapore,Series D+,99.94,5,370,11,8,8,1,4.2,2,0,4,operating
C0306,2013,11,Software,Germany,IPO,434.6,6,1552,14,9,11,1,4.7,2,0,2,operating
C0307,2011,13,AgriTech,Sweden,Seed,0.21,1,2,2,9,3,0,0.0,1,0,3,closed
C0308,2021,3,HealthTech,France,Seed,0.26,2,8,2,0,3,0,0.0,2,0,4,acquired
C0309,2012,12,Gaming,UK,Seed,1.04,1,2,2,12,4,0,0.7,1,0,3,operating
C0310,2018,6,Biotech,Israel,Series C,35.27,5,73,9,4,8,0,2.4,1,0,5,operating
C0311,2019,5,Logistics,USA,Series A,9.23,2,10,3,1,3,1,0.0,3,1,2,acquired
C0312,2002,22,AI/ML,China,Seed,0.21,1,4,0,16,0,1,0.1,3,0,3,operating
C0313,2015,9,AI/ML,UK,Series A,1.46,2,12,3,7,5,0,1.2,2,0,1,operating
C0314,2009,15,AI/ML,Sweden,Series C,61.45,5,541,9,12,7,0,3.2,2,0,1,operating
C0315,2019,5,AgriTech,UK,Series B,25.49,3,112,5,5,4,1,1.4,1,0,1,operating
C0316,2010,14,FoodTech,China,Seed,1.68,2,5,3,7,5,0,0.2,2,0,5,acquired
C0317,2018,6,FoodTech,Brazil,Series D+,106.5,6,450,11,8,8,1,3.6,2,0,3,operating
C0318,2017,7,Hardware,UK,Seed,0.83,2,2,2,5,3,0,0.2,2,0,1,closed
C0319,2018,6,FinTech,France,Series C,33.26,4,264,7,5,8,0,2.5,3,0,2,operating
C0320,2005,19,FinTech,Singapore,Series B,13.43,3,99,4,16,6,0,1.4,1,0,5,operating
C0321,2015,9,FoodTech,UK,Series A,6.04,3,39,4,7,6,0,1.4,2,0,3,operating
C0322,2012,12,E-Commerce,Canada,Seed,0.35,2,14,3,12,2,0,0.5,2,0,3,operating
C0323,2015,9,E-Commerce,China,Series C,26.48,5,241,10,8,10,1,2.3,2,0,2,operating
C0324,2005,19,AgriTech,Sweden,Series A,1.99,2,34,4,16,5,0,0.9,1,0,1,operating
C0325,2006,18,Biotech,Canada,Series D+,1162.69,6,1996,10,15,9,1,4.1,2,0,5,operating
C0326,2004,20,HealthTech,UK,Series C,19.98,4,598,7,18,6,0,3.3,2,0,5,operating
C0327,2008,16,FinTech,UK,Series B,26.71,4,76,4,11,6,0,2.2,3,0,1,operating
C0328,2000,24,Biotech,France,Seed,0.19,1,9,1,16,2,0,0.0,3,0,2,operating
C0329,2016,8,Hardware,Israel,Series A,1.74,2,48,4,9,3,0,1.0,2,0,2,operating
C0330,2019,5,FoodTech,USA,Series D+,143.61,5,178,10,7,11,0,3.7,1,0,1,operating
C0331,2002,22,AI/ML,Japan,Series A,3.41,3,24,6,15,4,0,0.7,3,0,1,operating
C0332,2021,3,AgriTech,Netherlands,Series B,6.18,4,39,6,1,4,1,1.8,3,1,3,operating
C0333,2007,17,Logistics,Canada,Seed,0.31,1,5,3,13,4,0,0.0,2,0,2,operating
C0334,2005,19,EdTech,Japan,Series B,41.12,3,45,8,12,7,0,1.5,3,0,4,operating
C0335,2000,24,Media,Brazil,Seed,0.3,1,2,4,18,4,0,0.7,2,0,5,operating
C0336,2006,18,SaaS,Singapore,Series D+,274.69,5,667,8,10,6,1,2.9,1,0,4,operating
C0337,2016,8,EdTech,Netherlands,Series A,2.74,2,28,5,3,7,0,0.7,2,0,2,operating
C0338,2012,12,Biotech,France,Series A,1.2,3,49,2,10,4,0,0.5,1,0,1,operating
C0339,2008,16,SaaS,India,Series A,2.94,3,14,3,11,2,0,1.0,2,0,4,operating
C0340,2017,7,EdTech,South Korea,Seed,0.4,2,4,2,5,1,0,0.0,3,1,2,closed
C0341,2016,8,Hardware,Netherlands,Series A,0.56,3,22,4,3,6,0,0.6,2,0,3,acquired
C0342,2021,3,FinTech,China,Series B,20.96,3,116,4,0,3,0,1.5,3,0,4,operating
C0343,2013,11,AI/ML,Singapore,Series B,7.65,4,45,4,9,6,0,1.8,2,0,4,operating
C0344,2013,11,Software,South Korea,Series A,1.26,3,22,5,6,5,0,1.3,3,0,4,acquired
C0345,2011,13,FoodTech,UK,Series B,10.15,3,154,5,10,4,0,1.1,1,0,5,operating
C0346,2006,18,E-Commerce,Israel,Series B,4.69,3,100,6,14,7,0,1.2,3,0,5,operating
C0347,2014,10,EdTech,Singapore,Seed,0.45,2,1,4,5,5,0,0.1,2,0,2,acquired
C0348,2013,11,Gaming,France,Series B,18.16,3,110,7,11,8,1,2.3,3,0,3,operating
C0349,2016,8,Biotech,Japan,Series B,8.25,3,43,4,9,6,0,0.8,2,1,4,operating
C0350,2009,15,CleanTech,Germany,Series A,1.53,2,79,6,11,5,1,0.8,2,0,5,operating
C0351,2011,13,Gaming,Canada,Series D+,79.04,5,553,9,11,10,1,3.4,2,0,4,operating
C0352,2011,13,SaaS,Germany,Seed,0.41,2,2,1,8,1,0,0.0,2,0,1,closed
C0353,2000,24,Biotech,Sweden,Series A,5.24,2,30,3,19,3,0,0.8,1,0,3,acquired
C0354,2000,24,Hardware,Germany,Series B,5.74,3,145,5,18,5,0,1.4,2,0,5,operating
C0355,2017,7,SaaS,Israel,Series D+,229.78,5,1876,10,6,10,0,4.0,1,1,4,operating
C0356,2004,20,Biotech,South Korea,Series B,14.27,4,57,5,15,7,1,2.2,1,0,3,operating
C0357,2012,12,Hardware,Germany,Series A,4.8,3,18,5,8,6,0,0.7,1,0,5,operating
C0358,2015,9,Logistics,China,Series A,5.89,2,22,4,9,3,0,1.1,2,1,2,acquired
C0359,2008,16,Software,Japan,Series B,10.47,4,126,6,13,5,0,1.3,3,0,1,operating
C0360,2008,16,AI/ML,Israel,Series C,63.18,4,325,10,11,9,1,3.4,3,0,4,operating
C0361,2008,16,EdTech,UK,Series D+,74.81,5,259,11,13,8,1,3.2,3,0,2,operating
C0362,2006,18,Hardware,USA,Series B,14.15,4,150,5,10,5,0,2.6,2,0,2,operating
C0363,2007,17,Software,Israel,Series B,11.2,4,63,6,11,5,0,0.7,2,0,3,operating
C0364,2011,13,FinTech,Netherlands,Series A,4.54,3,47,2,8,3,0,1.2,1,0,4,operating
C0365,2020,4,Gaming,China,Series A,5.8,3,23,6,1,5,1,1.4,2,0,4,operating
C0366,2001,23,Media,India,Series A,2.58,2,30,6,15,5,0,1.6,2,1,1,operating
C0367,2020,4,EdTech,Netherlands,Seed,0.31,2,2,2,6,3,0,0.0,2,0,2,closed
C0368,2006,18,SaaS,USA,Series A,4.18,3,27,5,13,5,0,0.1,2,0,1,operating
C0369,2002,22,Hardware,China,Seed,0.35,2,2,4,19,6,0,0.0,3,0,3,operating
C0370,2008,16,Software,France,Seed,0.41,1,6,2,15,2,0,0.5,3,0,3,operating
C0371,2007,17,AI/ML,Germany,Seed,2.32,1,4,3,11,5,0,0.1,2,0,3,operating
C0372,2014,10,Software,USA,Seed,0.45,1,1,2,9,4,0,0.3,1,1,4,closed
C0373,2017,7,FoodTech,Australia,Series B,9.4,4,109,5,8,7,1,0.7,3,0,3,operating
C0374,2004,20,E-Commerce,India,Series A,4.82,3,33,2,15,4,0,0.6,1,0,4,acquired
C0375,2006,18,SaaS,USA,Series A,0.63,3,23,3,15,5,0,0.2,2,0,4,operating
C0376,2018,6,SaaS,Sweden,Series B,14.54,4,55,5,7,4,0,2.1,1,0,2,operating
C0377,2021,3,E-Commerce,UK,Series B,4.18,3,75,5,3,5,0,1.4,2,0,3,operating
C0378,2005,19,EdTech,Israel,IPO,135.38,7,877,10,15,11,0,4.2,2,0,5,operating
C0379,2019,5,FinTech,India,Seed,0.36,1,9,2,3,4,0,0.5,3,0,5,operating
C0380,2009,15,Logistics,Israel,Seed,0.54,1,12,2,10,4,0,0.5,2,0,2,closed
C0381,2012,12,AgriTech,Australia,Series A,1.35,3,17,5,6,5,0,0.4,3,0,5,operating
C0382,2005,19,FoodTech,Canada,Series C,30.09,5,237,6,15,7,0,2.4,2,1,5,operating
C0383,2018,6,EdTech,Netherlands,Series A,1.21,3,27,5,3,6,0,0.9,2,1,4,acquired
C0384,2012,12,Logistics,Germany,Seed,0.26,1,3,2,11,1,0,0.6,3,1,1,acquired
C0385,2018,6,HealthTech,South Korea,Series A,7.22,2,22,5,4,4,0,0.0,1,1,2,acquired
C0386,2002,22,AgriTech,UK,Series B,8.28,3,76,5,14,5,0,1.5,2,0,5,operating
C0387,2017,7,AgriTech,Brazil,Series A,1.54,3,25,2,4,2,0,1.2,2,0,2,operating
C0388,2015,9,FoodTech,Sweden,Seed,0.81,1,5,4,10,5,0,0.5,1,0,1,acquired
C0389,2020,4,CleanTech,USA,Series B,5.23,4,49,8,3,9,0,0.8,2,1,2,acquired
C0390,2019,5,HealthTech,Germany,Seed,0.6,1,4,4,6,6,0,0.0,3,0,5,acquired
C0391,2007,17,Media,Japan,Series C,19.13,5,291,6,11,5,1,3.1,3,0,4,operating
C0392,2002,22,SaaS,Canada,Series B,25.93,4,52,5,14,6,0,1.8,3,0,1,operating
C0393,2000,24,Software,Australia,Seed,0.63,2,7,3,18,3,0,0.3,2,0,1,operating
C0394,2018,6,Software,Sweden,Series D+,107.47,6,1060,8,3,6,1,3.9,1,0,2,operating
C0395,2012,12,EdTech,Germany,Series A,1.72,3,14,5,6,6,1,1.6,1,1,3,operating
C0396,2004,20,Logistics,Germany,Seed,0.28,1,9,1,17,1,0,0.5,2,1,5,operating
C0397,2018,6,Software,Japan,Series C,86.03,4,410,6,4,5,0,3.1,1,0,5,operating
C0398,2011,13,Biotech,Germany,Series A,1.4,3,27,3,9,2,0,1.2,2,0,1,operating
C0399,2014,10,Biotech,Netherlands,Series A,4.09,3,46,3,6,2,1,1.3,1,1,1,operating
C0400,2013,11,FinTech,France,Series B,10.44,4,73,7,9,6,0,1.5,3,0,2,operating
C0401,2002,22,Gaming,South Korea,Seed,0.3,2,4,2,18,4,0,0.0,1,1,4,acquired
C0402,2013,11,Biotech,South Korea,Series A,2.91,3,17,4,11,3,0,0.4,2,0,3,operating
C0403,2020,4,FoodTech,Israel,Series A,4.81,3,21,2,3,2,0,0.7,2,0,2,operating
C0404,2007,17,Logistics,Japan,Series D+,231.85,5,1054,10,15,10,1,3.0,2,1,4,operating
C0405,2018,6,SaaS,USA,Series D+,53.5,6,388,12,3,12,1,4.5,3,1,3,operating
C0406,2010,14,AI/ML,USA,Series B,12.7,4,250,4,7,4,0,2.2,1,0,2,operating
C0407,2021,3,HealthTech,Netherlands,Series A,4.38,3,24,4,6,6,0,1.0,2,0,3,operating
C0408,2012,12,FinTech,India,IPO,239.29,6,1428,10,8,10,1,4.7,1,0,4,operating
C0409,2001,23,Logistics,Singapore,Seed,0.15,2,3,3,16,4,0,0.2,1,0,1,operating
C0410,2018,6,Hardware,USA,Series A,2.12,2,29,3,7,5,0,1.0,2,0,5,acquired
C0411,2009,15,EdTech,Australia,Seed,0.27,2,5,4,8,5,0,0.0,3,0,5,operating
C0412,2002,22,Media,China,Series B,15.8,3,75,8,15,9,0,0.9,3,1,2,operating
C0413,2020,4,AI/ML,China,Series A,4.73,3,35,3,0,3,0,0.6,3,0,5,acquired
C0414,2018,6,Gaming,Singapore,Series B,16.87,3,192,8,2,8,1,2.1,1,0,1,operating
C0415,2017,7,CleanTech,Israel,Series B,8.03,3,127,8,3,8,0,1.9,1,0,2,operating
C0416,2012,12,AI/ML,India,IPO,367.6,6,2141,14,11,14,0,4.6,1,0,2,operating
C0417,2020,4,Biotech,South Korea,Seed,1.04,1,5,0,2,0,0,1.2,3,0,2,closed
C0418,2006,18,FoodTech,USA,Series B,19.47,4,86,4,12,5,0,2.1,2,0,5,operating
C0419,2015,9,Media,Australia,Seed,0.11,2,3,2,5,4,0,0.0,3,0,1,closed
C0420,2019,5,HealthTech,Israel,Series C,46.92,5,141,8,4,7,1,2.8,3,0,5,operating
C0421,2013,11,Hardware,Singapore,Series B,16.68,3,60,6,11,4,1,1.8,1,1,5,operating
C0422,2019,5,AgriTech,Canada,Series B,23.1,4,42,6,4,5,0,2.1,2,0,4,operating
C0423,2010,14,AgriTech,Sweden,Series A,3.09,3,65,5,8,7,1,1.2,2,0,3,operating
C0424,2001,23,Gaming,Israel,Seed,0.49,1,6,1,19,1,0,0.0,3,0,3,operating
C0425,2010,14,EdTech,Brazil,IPO,283.23,7,5287,13,8,12,1,4.5,2,0,5,operating
C0426,2017,7,EdTech,Brazil,Seed,0.28,1,5,1,7,1,1,0.1,2,0,5,operating
C0427,2013,11,AI/ML,Netherlands,Seed,0.6,1,7,2,6,4,0,0.6,3,0,1,acquired
C0428,2010,14,Gaming,Singapore,Seed,0.23,2,13,2,12,2,0,0.0,1,0,5,closed
C0429,2003,21,FinTech,Australia,Series C,29.64,4,250,7,12,5,0,2.2,2,1,5,operating
C0430,2003,21,Biotech,Canada,Seed,0.41,2,1,3,16,4,0,0.2,1,0,3,operating
C0431,2006,18,AI/ML,South Korea,Seed,1.28,2,6,2,11,1,0,0.3,1,0,3,operating
C0432,2018,6,AgriTech,Germany,Seed,0.47,2,7,0,3,2,0,0.0,3,1,4,operating
C0433,2008,16,FoodTech,India,Series B,28.73,4,72,8,14,9,0,1.9,3,0,1,operating
C0434,2000,24,Media,Germany,Series A,1.43,2,26,4,15,5,0,1.4,3,0,3,operating
C0435,2010,14,CleanTech,France,Series B,14.27,3,38,6,10,7,0,2.3,3,0,5,operating
C0436,2016,8,SaaS,USA,Series B,44.42,4,143,6,3,4,0,1.5,1,0,3,operating
C0437,2009,15,Media,Japan,Seed,0.66,2,32,0,13,3,0,0.0,2,0,4,acquired
C0438,2010,14,AI/ML,Canada,Series B,16.18,4,58,5,7,4,0,1.3,3,0,2,operating
C0439,2017,7,Logistics,Sweden,Series B,5.88,3,61,4,5,4,0,2.1,3,0,5,operating
C0440,2012,12,AI/ML,China,Series C,66.18,4,841,8,8,8,0,3.2,3,0,2,operating
C0441,2007,17,HealthTech,Netherlands,Series A,4.64,3,47,5,14,5,0,1.3,2,0,5,operating
C0442,2015,9,Biotech,Germany,Seed,0.32,2,7,4,8,3,0,0.0,1,1,2,operating
C0443,2017,7,SaaS,France,Series C,59.05,5,164,8,3,7,0,2.8,2,0,2,operating
C0444,2010,14,FinTech,Canada,Series A,1.48,3,24,4,10,3,0,1.4,2,0,5,operating
C0445,2010,14,Biotech,India,Series B,3.66,4,57,5,8,6,1,1.8,2,1,5,operating
C0446,2005,19,E-Commerce,Australia,Series B,45.62,3,74,7,13,7,0,1.7,3,0,2,operating
C0447,2016,8,FinTech,China,Seed,0.19,1,5,2,4,1,0,0.3,2,0,1,closed
C0448,2006,18,Logistics,Brazil,Series A,2.07,2,14,3,10,2,0,0.9,1,1,4,acquired
C0449,2018,6,SaaS,South Korea,Series B,15.93,3,105,8,7,6,0,1.9,3,0,5,operating
C0450,2015,9,Biotech,South Korea,Series B,14.44,4,104,6,10,5,0,1.6,1,0,2,operating
C0451,2006,18,AI/ML,Singapore,Series D+,72.37,6,499,10,13,9,0,2.6,2,0,1,operating
C0452,2018,6,AgriTech,USA,Seed,0.73,1,8,4,6,6,0,0.2,1,0,2,closed
C0453,2001,23,HealthTech,South Korea,Series B,9.05,4,44,8,18,7,0,2.6,1,1,4,operating
C0454,2013,11,Software,China,Series B,10.51,4,99,6,5,6,0,1.6,2,0,3,operating
C0455,2004,20,Logistics,USA,Seed,0.34,2,11,2,18,3,0,0.0,1,0,5,acquired
C0456,2020,4,CleanTech,USA,Series B,27.25,3,59,5,1,5,1,2.2,2,0,2,operating
C0457,2004,20,SaaS,South Korea,Seed,0.49,2,3,0,16,2,0,0.0,2,0,2,acquired
C0458,2011,13,FoodTech,Germany,Seed,0.96,1,3,2,10,4,0,0.0,2,0,2,closed
C0459,2002,22,HealthTech,Sweden,Series B,8.2,3,93,8,16,9,0,2.2,1,0,4,operating
C0460,2001,23,SaaS,Israel,Seed,0.14,2,3,1,18,2,0,0.6,2,0,5,acquired
C0461,2021,3,AgriTech,Japan,Series A,1.63,3,42,5,4,6,1,0.2,2,0,1,operating
C0462,2010,14,E-Commerce,UK,Series A,0.48,3,38,5,11,6,0,1.2,2,0,2,operating
C0463,2000,24,Hardware,UK,Series A,1.7,3,43,5,16,4,0,1.1,2,0,4,operating
C0464,2003,21,CleanTech,South Korea,Series A,0.94,3,20,4,18,3,0,0.4,2,0,3,operating
C0465,2018,6,EdTech,France,Series C,42.35,5,149,10,6,8,0,2.6,1,0,4,operating
C0466,2012,12,EdTech,Germany,IPO,339.25,6,840,14,7,11,0,5.0,3,0,2,operating
C0467,2006,18,HealthTech,Singapore,Seed,0.24,1,4,2,13,2,0,0.0,2,0,5,acquired
C0468,2015,9,Hardware,Germany,Series A,6.24,3,32,3,8,2,0,0.4,2,0,4,operating
C0469,2008,16,FinTech,Brazil,IPO,343.76,6,2889,14,10,12,1,4.7,2,0,5,operating
C0470,2016,8,Media,USA,Seed,1.47,2,10,2,7,3,0,0.1,1,1,1,closed
C0471,2004,20,SaaS,India,Seed,0.67,1,5,0,17,2,0,0.0,1,0,4,acquired
C0472,2012,12,CleanTech,India,Series A,3.6,2,22,3,8,4,1,0.3,2,0,2,operating
C0473,2008,16,Hardware,India,Series A,1.84,2,42,6,14,5,0,0.0,2,0,5,operating
C0474,2007,17,FoodTech,Singapore,Series B,4.94,3,55,6,15,5,0,2.1,2,0,1,operating
C0475,2002,22,Gaming,South Korea,Series A,1.42,3,52,4,13,6,0,1.2,2,0,1,operating
C0476,2009,15,FinTech,UK,Seed,0.38,1,10,4,8,5,0,0.3,2,1,2,closed
C0477,2018,6,Biotech,Netherlands,Series D+,301.28,6,735,8,5,6,0,4.0,1,1,4,operating
C0478,2014,10,E-Commerce,China,Series A,4.49,3,49,5,7,4,0,1.0,2,0,1,acquired
C0479,2009,15,Hardware,Canada,Seed,0.19,1,4,0,12,0,0,0.0,2,0,1,operating
C0480,2000,24,FinTech,Sweden,Series C,30.88,4,148,7,14,8,0,2.7,3,0,3,operating
C0481,2010,14,EdTech,USA,Series A,8.79,3,16,2,11,2,0,1.8,3,0,5,operating
C0482,2019,5,AgriTech,Netherlands,Series C,67.1,5,207,6,2,4,0,2.2,1,1,4,operating
C0483,2000,24,Logistics,Sweden,Seed,1.41,1,8,1,14,2,0,0.3,2,0,3,acquired
C0484,2019,5,AI/ML,Japan,Seed,1.18,1,8,4,1,3,0,0.6,2,0,3,operating
C0485,2012,12,CleanTech,France,Seed,0.66,2,11,3,8,5,0,0.4,2,0,2,operating
C0486,2019,5,EdTech,Sweden,Series A,2.92,2,119,3,6,4,0,0.9,3,0,3,operating
C0487,2017,7,SaaS,Canada,Series D+,550.0,6,175,9,2,10,1,3.3,2,0,3,operating
C0488,2001,23,CleanTech,India,Seed,0.29,2,2,3,19,4,0,0.0,2,0,5,operating
C0489,2012,12,Gaming,UK,Series B,4.17,3,141,6,9,4,0,1.4,2,0,5,operating
C0490,2005,19,Biotech,Sweden,Series A,1.72,2,13,3,11,3,0,0.8,2,1,5,operating
C0491,2003,21,CleanTech,Japan,Series A,3.14,3,19,5,17,7,0,1.0,1,0,2,acquired
C0492,2007,17,AI/ML,India,Series B,11.68,4,37,6,9,4,0,1.4,3,1,4,operating
C0493,2002,22,Biotech,Singapore,Series B,12.22,3,144,4,16,5,1,2.2,2,0,4,operating
C0494,2019,5,SaaS,China,Series B,41.85,3,38,6,1,7,1,1.7,2,0,5,operating
C0495,2018,6,Media,Japan,Series A,1.98,3,28,6,5,5,0,0.9,1,0,5,operating
C0496,2002,22,FinTech,Brazil,Series B,12.43,4,19,6,15,4,0,2.2,3,0,5,operating
C0497,2007,17,E-Commerce,Sweden,Series A,4.51,2,56,3,14,3,0,0.9,2,0,4,acquired
C0498,2015,9,CleanTech,India,Seed,0.53,1,6,2,8,1,0,0.0,3,0,4,operating
C0499,2008,16,HealthTech,Japan,Series B,3.22,3,132,4,13,5,1,0.8,2,0,2,operating
C0500,2001,23,SaaS,Sweden,Series C,11.35,5,234,8,20,8,0,2.4,2,0,3,operating
C0501,2016,8,Hardware,Australia,Seed,0.13,2,4,0,8,1,1,0.0,2,0,5,operating
C0502,2009,15,Biotech,France,Series A,1.99,3,38,6,8,4,0,0.6,1,0,1,operating
C0503,2016,8,Software,Israel,IPO,422.95,7,2359,10,3,8,0,4.9,2,0,2,operating
C0504,2016,8,Biotech,Singapore,Series A,3.88,3,20,5,6,5,0,1.4,1,0,1,operating
C0505,2005,19,AI/ML,Germany,Series B,12.78,4,98,4,11,4,0,1.1,1,0,2,operating
C0506,2011,13,Logistics,Brazil,Series B,16.6,3,64,6,11,4,0,2.2,2,0,4,operating
C0507,2016,8,HealthTech,Canada,Series A,2.06,3,9,6,5,7,0,0.8,2,0,2,operating
C0508,2016,8,E-Commerce,Brazil,IPO,368.99,7,1300,13,3,13,0,4.5,2,0,5,operating
C0509,2015,9,Media,South Korea,Series D+,259.97,5,1187,9,8,7,1,3.4,2,0,3,operating
C0510,2007,17,Logistics,Canada,Series C,48.48,5,401,8,15,6,0,2.7,3,1,4,operating
C0511,2015,9,EdTech,Australia,Seed,0.5,1,7,0,5,0,0,0.0,2,0,4,operating
C0512,2016,8,CleanTech,France,Seed,0.1,1,2,4,5,3,0,0.0,1,1,5,operating
C0513,2019,5,Gaming,China,Series A,1.5,2,21,3,7,3,0,0.7,1,0,4,closed
C0514,2018,6,E-Commerce,China,Seed,0.25,2,3,1,5,0,0,0.0,3,0,4,acquired
C0515,2020,4,Media,Sweden,Series D+,473.32,5,379,8,4,8,1,3.8,1,0,1,operating
C0516,2016,8,Logistics,Canada,Series C,57.56,4,336,10,7,9,0,2.7,2,0,2,operating
C0517,2012,12,SaaS,Sweden,Series A,1.39,3,19,4,12,3,0,0.5,3,0,4,operating
C0518,2021,3,AI/ML,Israel,Series B,8.32,4,50,8,6,6,0,2.1,2,0,1,operating
C0519,2000,24,HealthTech,India,Series A,5.22,2,9,5,18,4,1,1.0,3,0,4,operating
C0520,2008,16,Software,Brazil,Seed,0.43,1,1,1,14,0,0,0.6,2,0,5,operating
C0521,2014,10,E-Commerce,Singapore,Seed,0.28,1,1,3,6,2,0,0.1,1,1,4,operating
C0522,2019,5,FinTech,Netherlands,Series B,11.1,4,114,4,7,3,0,1.8,2,0,3,operating
C0523,2011,13,AI/ML,USA,Series A,1.8,3,39,3,9,5,0,1.1,1,1,3,acquired
C0524,2019,5,Media,Australia,Series C,108.04,4,121,6,3,4,0,2.0,3,0,4,operating
C0525,2004,20,HealthTech,Singapore,Series B,23.34,4,38,5,16,6,0,2.4,1,0,1,operating
C0526,2010,14,AI/ML,Netherlands,Series A,1.75,2,24,5,7,4,0,1.4,2,1,3,operating
C0527,2011,13,HealthTech,India,Seed,0.21,1,4,3,11,2,0,0.5,3,1,5,operating
C0528,2021,3,Software,France,Seed,0.73,2,1,1,4,2,0,0.3,3,0,5,acquired
C0529,2006,18,SaaS,Australia,Series B,8.6,4,131,4,15,3,1,2.2,2,0,5,operating
C0530,2007,17,AgriTech,Netherlands,Series A,16.53,2,35,2,13,1,1,2.1,2,1,2,operating
C0531,2016,8,Media,Australia,Series B,17.58,4,219,4,9,5,0,1.3,2,0,4,operating
C0532,2012,12,Software,Germany,IPO,503.35,7,3233,13,12,13,1,4.5,1,1,5,operating
C0533,2013,11,FoodTech,France,Series A,3.13,3,24,5,7,4,1,1.1,1,1,3,operating
C0534,2018,6,Software,France,Series B,5.44,4,84,4,3,4,1,2.2,1,0,4,operating
C0535,2018,6,EdTech,Israel,Series A,1.14,3,30,6,3,5,0,1.1,1,0,1,closed
C0536,2017,7,FoodTech,Canada,Series D+,165.99,6,238,12,8,11,0,4.2,2,0,1,operating
C0537,2021,3,Logistics,Sweden,Series B,6.9,4,40,6,6,5,0,1.8,2,0,4,operating
C0538,2014,10,SaaS,Japan,IPO,67.14,7,1374,14,9,11,0,3.8,2,0,4,operating
C0539,2005,19,SaaS,UK,Series D+,60.28,5,703,12,11,10,1,4.0,2,1,1,operating
C0540,2018,6,AI/ML,USA,Seed,0.14,1,3,2,5,2,0,0.1,2,0,2,closed
C0541,2011,13,E-Commerce,Netherlands,IPO,493.71,6,473,13,8,12,1,5.0,2,0,1,operating
C0542,2012,12,FoodTech,UK,Seed,1.0,2,4,2,11,4,1,0.0,3,0,5,operating
C0543,2015,9,Biotech,Brazil,Series A,4.54,2,30,3,10,5,1,0.0,2,1,2,operating
C0544,2008,16,Biotech,Germany,Seed,1.99,2,15,3,14,5,0,0.8,1,0,3,operating
C0545,2015,9,HealthTech,UK,Series A,2.55,3,37,2,4,3,0,0.7,3,0,1,closed
C0546,2002,22,EdTech,Germany,Series B,7.29,3,47,7,13,7,0,2.2,1,0,3,operating
C0547,2000,24,E-Commerce,Sweden,Series B,31.5,4,111,8,16,6,0,2.5,1,1,3,operating
C0548,2002,22,Software,Germany,Series D+,155.76,5,673,11,18,11,0,2.8,2,1,5,operating
C0549,2005,19,Logistics,South Korea,Series D+,127.38,6,348,8,11,6,1,3.0,1,1,3,operating
C0550,2015,9,HealthTech,Sweden,Series B,9.96,4,93,7,8,8,1,3.0,1,0,5,operating
C0551,2004,20,Hardware,UK,IPO,144.95,6,1931,11,14,10,1,4.6,3,0,5,operating
C0552,2007,17,Logistics,UK,Series A,0.63,2,22,4,13,4,0,1.1,3,0,2,operating
C0553,2015,9,Biotech,UK,Series A,5.35,2,13,3,5,4,1,1.0,2,0,5,operating
C0554,2001,23,Biotech,Israel,Series C,171.23,4,124,9,19,10,0,3.9,2,0,2,operating
C0555,2019,5,AI/ML,UK,Series B,38.14,4,66,8,4,6,0,1.0,3,0,5,operating
C0556,2017,7,FoodTech,UK,Series A,2.88,2,56,2,2,4,0,1.3,2,0,4,operating
C0557,2011,13,SaaS,UK,Series B,7.74,4,167,7,11,5,0,0.8,3,0,2,operating
C0558,2016,8,Media,France,Series C,25.17,4,127,7,3,6,1,2.1,2,0,2,operating
C0559,2016,8,AgriTech,Brazil,Series C,56.69,5,239,8,3,8,0,2.6,2,0,3,operating
C0560,2002,22,CleanTech,South Korea,Seed,0.33,1,2,3,15,3,0,0.0,3,0,3,operating
C0561,2020,4,FinTech,India,Series B,14.87,4,63,4,5,4,0,1.4,3,0,2,operating
C0562,2020,4,AI/ML,China,Seed,0.16,2,8,4,2,4,0,0.0,2,0,5,closed
C0563,2003,21,HealthTech,China,Series B,6.78,4,215,5,16,5,0,1.8,3,1,3,operating
C0564,2014,10,CleanTech,Australia,Series A,6.47,3,27,4,7,6,0,1.3,2,0,1,operating
C0565,2014,10,SaaS,USA,Seed,1.17,2,10,2,11,3,0,0.0,3,1,1,acquired
C0566,2018,6,SaaS,Australia,Seed,0.15,1,5,1,5,1,1,0.2,1,0,5,operating
C0567,2005,19,CleanTech,Australia,Seed,1.07,1,3,0,17,0,0,0.0,3,1,4,acquired
C0568,2015,9,FinTech,Brazil,Series B,8.53,3,53,4,5,5,0,1.9,2,1,5,operating
C0569,2004,20,Media,Netherlands,Seed,0.92,2,2,4,17,4,0,0.7,1,0,4,closed
C0570,2019,5,FoodTech,India,Seed,0.34,2,4,4,6,5,0,0.4,2,0,1,closed
C0571,2013,11,HealthTech,Brazil,Series A,1.28,3,32,2,5,1,1,0.7,2,0,4,operating
C0572,2009,15,Logistics,Brazil,Seed,0.57,2,5,3,11,5,0,0.3,2,0,2,operating
C0573,2009,15,Logistics,France,Series A,1.34,3,37,2,11,2,0,0.4,2,0,2,closed
C0574,2002,22,Hardware,India,Series A,4.36,2,19,3,16,4,0,1.1,1,0,5,operating
C0575,2015,9,E-Commerce,China,Series B,22.61,3,86,8,9,6,0,1.7,3,0,2,operating
C0576,2010,14,EdTech,Singapore,Seed,0.58,2,4,0,8,3,0,0.0,3,0,3,operating
C0577,2015,9,CleanTech,Singapore,Seed,0.83,2,1,3,9,2,0,0.0,1,0,1,closed
C0578,2001,23,E-Commerce,India,Seed,0.53,2,2,2,15,1,0,0.5,2,0,4,acquired
C0579,2011,13,Logistics,Singapore,Seed,0.23,1,5,2,10,3,0,0.4,2,0,5,operating
C0580,2012,12,Hardware,France,Series C,83.19,5,152,10,10,9,0,2.2,3,0,3,operating
C0581,2019,5,Gaming,Brazil,Series D+,63.12,5,370,10,5,11,1,3.4,1,0,1,operating
C0582,2021,3,Logistics,Sweden,Series B,9.16,3,78,7,6,7,0,2.1,2,0,1,operating
C0583,2000,24,CleanTech,Netherlands,Series C,23.73,4,244,8,20,6,0,2.9,2,0,5,operating
C0584,2007,17,AI/ML,South Korea,Series A,1.96,2,9,4,14,5,0,0.7,1,0,5,acquired
C0585,2020,4,HealthTech,USA,Seed,0.34,2,1,0,6,3,0,0.0,2,0,4,operating
C0586,2016,8,Logistics,Israel,Series A,1.08,2,28,4,6,5,0,1.1,1,0,5,acquired
C0587,2010,14,E-Commerce,India,Series B,5.53,4,160,8,7,6,0,2.4,2,0,5,operating
C0588,2006,18,EdTech,Canada,Series B,11.72,4,63,8,16,6,0,2.5,2,0,5,operating
C0589,2020,4,FoodTech,Germany,Series A,3.04,2,45,4,6,6,0,0.7,2,1,5,operating
C0590,2016,8,Logistics,Australia,Series A,8.44,2,14,3,9,5,0,0.7,3,0,4,operating
C0591,2006,18,Media,Australia,Seed,0.1,1,4,0,13,3,0,0.0,2,0,3,operating
C0592,2008,16,Gaming,China,Seed,0.75,1,3,3,15,2,0,0.2,3,0,3,acquired
C0593,2003,21,E-Commerce,Canada,Series B,5.07,3,28,5,16,6,0,1.8,2,0,3,operating
C0594,2009,15,SaaS,Israel,Series D+,213.83,5,453,9,9,9,1,3.6,3,1,2,operating
C0595,2006,18,Logistics,Singapore,Series A,0.85,2,22,2,15,4,0,1.0,3,0,3,operating
C0596,2012,12,AgriTech,Brazil,Series A,11.36,2,75,3,10,5,1,0.4,1,0,4,operating
C0597,2001,23,Gaming,Netherlands,Series A,8.5,2,6,3,15,2,0,1.1,1,1,2,operating
C0598,2001,23,FinTech,France,Seed,0.4,1,2,3,14,5,0,0.8,2,0,5,operating
C0599,2009,15,Software,Japan,Series B,66.82,3,103,7,11,8,0,1.2,2,0,3,operating
C0600,2010,14,AgriTech,Canada,Series B,7.85,4,137,8,9,7,0,2.0,3,0,2,operating
C0601,2000,24,AgriTech,Japan,IPO,399.47,6,2902,13,15,13,1,4.7,2,0,1,operating
C0602,2001,23,AI/ML,Netherlands,Seed,0.45,2,3,2,20,2,0,0.0,2,1,3,operating
C0603,2018,6,SaaS,Sweden,Series B,7.82,4,50,7,4,6,0,1.4,1,0,5,acquired
C0604,2019,5,AgriTech,Singapore,Seed,0.6,1,7,4,6,3,0,0.0,2,0,5,operating
C0605,2013,11,EdTech,Singapore,Series C,21.34,5,156,9,6,7,0,2.2,2,0,5,operating
C0606,2004,20,E-Commerce,Brazil,IPO,1532.4,7,1659,13,15,13,1,2.7,1,0,4,operating
C0607,2011,13,CleanTech,Canada,Seed,1.22,2,6,4,7,6,0,0.5,1,1,4,acquired
C0608,2020,4,Gaming,Germany,Series C,29.94,4,63,10,5,9,1,3.2,2,0,1,operating
C0609,2011,13,EdTech,UK,Series B,5.07,3,153,8,12,6,1,2.4,1,0,4,operating
C0610,2018,6,Biotech,China,Series A,2.68,2,16,2,2,4,0,0.8,1,0,1,closed
C0611,2007,17,Media,Brazil,Series C,59.13,4,324,8,12,6,0,3.4,1,1,3,operating
C0612,2010,14,Hardware,Australia,Seed,0.18,1,2,0,11,1,0,0.0,2,1,4,operating
C0613,2003,21,FinTech,Israel,Series A,3.25,3,20,5,12,6,0,0.5,3,0,5,operating
C0614,2003,21,FoodTech,Australia,Series C,123.58,5,450,10,15,8,1,2.0,1,0,1,operating
C0615,2011,13,SaaS,South Korea,Series A,5.16,2,116,4,11,3,0,1.1,2,0,4,operating
C0616,2006,18,Logistics,Germany,Seed,0.83,2,13,3,14,5,0,0.0,2,0,5,acquired
C0617,2012,12,HealthTech,China,Seed,0.13,1,6,1,12,1,0,0.6,3,0,4,operating
C0618,2010,14,Media,Singapore,Seed,1.57,1,7,0,13,3,0,0.0,1,0,1,closed
C0619,2012,12,Gaming,Canada,Series B,27.57,3,50,5,8,6,1,1.3,3,0,1,operating
C0620,2018,6,E-Commerce,USA,Series B,50.93,3,142,7,6,5,0,2.3,1,1,4,acquired
C0621,2001,23,SaaS,Sweden,Series B,2.27,3,128,6,18,6,0,1.8,2,0,3,operating
C0622,2005,19,HealthTech,Australia,Series C,43.09,4,167,8,13,9,0,2.8,2,0,5,operating
C0623,2019,5,AI/ML,India,Series B,25.43,4,61,5,5,5,1,2.0,1,1,5,operating
C0624,2001,23,HealthTech,India,Series A,2.37,2,88,5,17,5,0,1.0,1,0,1,operating
C0625,2005,19,EdTech,India,Series B,19.32,3,29,8,17,9,0,2.0,2,0,3,operating
C0626,2001,23,SaaS,Sweden,Series A,1.31,2,25,3,17,4,1,1.0,3,0,3,operating
C0627,2012,12,Software,Sweden,Seed,0.48,2,4,2,10,4,0,0.0,3,0,1,closed
C0628,2021,3,SaaS,Australia,Series A,6.81,2,31,3,6,3,0,0.8,2,0,4,closed
C0629,2015,9,E-Commerce,USA,Series B,39.74,3,39,7,10,6,0,2.3,3,0,3,operating
C0630,2019,5,Hardware,Australia,Seed,1.53,2,6,3,2,3,0,0.0,3,0,4,operating
C0631,2009,15,Hardware,China,Series A,1.72,2,63,2,12,1,0,0.6,2,0,4,operating
C0632,2010,14,Logistics,Japan,Series B,7.65,4,42,8,8,6,1,1.7,1,0,2,operating
C0633,2010,14,Software,Australia,Series A,1.97,3,17,6,10,5,1,0.5,1,0,5,operating
C0634,2008,16,E-Commerce,USA,Series A,3.29,3,16,2,14,4,0,1.1,1,0,4,operating
C0635,2000,24,E-Commerce,Netherlands,Series A,2.66,2,47,6,19,5,0,0.8,1,0,1,operating
C0636,2018,6,Logistics,UK,Seed,0.54,1,1,4,5,4,0,0.0,3,0,3,closed
C0637,2008,16,HealthTech,Japan,Seed,0.47,1,4,2,10,4,0,1.0,2,0,3,operating
C0638,2013,11,Gaming,China,Series D+,15.19,5,340,8,7,9,0,3.9,1,0,2,operating
C0639,2018,6,FinTech,Canada,IPO,161.2,6,895,12,4,10,0,4.0,1,0,2,operating
C0640,2006,18,CleanTech,China,Series B,33.76,3,49,7,13,8,0,2.1,3,1,2,operating
C0641,2013,11,SaaS,Germany,Series B,58.19,4,56,8,9,7,0,1.0,2,0,3,operating
C0642,2000,24,Gaming,Germany,Series A,6.07,3,24,6,19,7,0,1.4,2,0,5,operating
C0643,2000,24,HealthTech,Australia,Series A,1.37,3,26,2,16,1,0,1.1,2,0,3,operating
C0644,2015,9,HealthTech,USA,Series C,26.03,5,102,6,6,6,0,2.1,2,0,2,operating
C0645,2010,14,HealthTech,Netherlands,Series B,28.13,4,87,6,8,7,0,2.1,2,0,3,operating
C0646,2000,24,Hardware,Israel,Series A,2.83,2,77,5,19,7,0,0.8,2,0,4,operating
C0647,2017,7,Gaming,UK,Series B,18.0,4,114,7,8,8,0,3.2,2,0,5,operating
C0648,2016,8,FinTech,Sweden,Seed,0.28,1,5,2,7,2,0,0.1,3,1,1,operating
C0649,2003,21,HealthTech,USA,Series A,3.72,2,8,3,12,3,1,0.8,2,1,1,operating
C0650,2016,8,FinTech,USA,Seed,0.23,1,4,1,8,1,0,0.0,3,1,4,operating
C0651,2019,5,Gaming,Brazil,Series C,29.1,4,266,6,3,5,0,3.2,1,1,2,operating
C0652,2015,9,AgriTech,Netherlands,Series A,1.7,2,24,3,5,2,0,1.0,2,0,4,operating
C0653,2020,4,Hardware,Singapore,Series A,1.67,3,81,5,1,7,0,1.4,2,0,5,operating
C0654,2000,24,CleanTech,Netherlands,Seed,0.27,1,4,2,17,2,1,0.0,1,1,4,operating
C0655,2003,21,EdTech,Israel,Series A,2.38,3,19,5,14,5,0,0.0,3,0,5,operating
C0656,2021,3,Media,India,Series B,10.63,4,118,5,0,5,0,1.6,3,0,4,operating
C0657,2015,9,Hardware,South Korea,Series A,1.59,2,15,5,10,6,0,0.5,2,0,2,acquired
C0658,2019,5,SaaS,India,Series A,2.15,2,49,4,1,4,0,0.9,1,0,4,operating
C0659,2004,20,Biotech,Japan,Seed,0.39,2,3,2,18,1,0,0.4,2,0,2,operating
C0660,2017,7,Hardware,China,Series B,15.37,4,252,6,5,5,0,1.8,3,0,3,operating
C0661,2000,24,AI/ML,India,Seed,0.14,2,2,0,19,1,0,0.0,2,1,5,acquired
C0662,2021,3,HealthTech,Japan,Series A,4.26,3,50,3,0,3,0,0.9,2,0,5,acquired
C0663,2021,3,FinTech,France,Seed,0.92,2,7,3,2,5,0,0.4,1,0,3,acquired
C0664,2004,20,Biotech,USA,Series B,13.12,3,91,7,16,6,1,2.5,2,0,1,operating
C0665,2012,12,Media,Germany,IPO,418.49,7,2522,12,10,11,1,5.0,3,0,2,operating
C0666,2005,19,Biotech,Japan,Seed,0.92,1,4,4,15,3,0,0.0,1,0,2,operating
C0667,2006,18,EdTech,Japan,Series B,14.38,4,174,7,12,7,1,2.3,1,0,4,operating
C0668,2018,6,HealthTech,South Korea,Series A,1.41,3,63,6,5,7,0,2.2,2,0,5,operating
C0669,2013,11,Software,Germany,Series C,10.81,5,681,8,5,7,1,2.9,2,0,2,operating
C0670,2007,17,E-Commerce,UK,Series A,2.2,2,14,2,15,1,0,1.2,2,0,4,operating
C0671,2009,15,Software,Netherlands,Series A,2.0,2,18,3,12,3,0,0.5,1,0,5,operating
C0672,2007,17,Biotech,China,Seed,0.27,2,3,3,12,4,0,0.7,3,0,3,operating
C0673,2007,17,AgriTech,UK,Series A,5.96,2,4,3,14,3,0,0.5,2,0,4,acquired
C0674,2000,24,E-Commerce,Brazil,Seed,0.58,1,5,0,17,2,0,0.0,2,0,4,operating
C0675,2016,8,CleanTech,India,Series A,2.11,2,11,3,8,4,1,0.4,3,1,4,operating
C0676,2017,7,Logistics,Singapore,Series C,30.22,4,200,9,6,10,1,2.8,2,0,1,operating
C0677,2002,22,EdTech,Sweden,IPO,192.91,7,2149,11,18,8,0,4.8,2,0,3,operating
C0678,2013,11,SaaS,Germany,Seed,0.34,1,3,3,5,4,0,0.4,3,0,3,acquired
C0679,2011,13,E-Commerce,India,Series A,4.68,2,14,3,12,2,1,1.1,2,1,3,operating
C0680,2013,11,AgriTech,Brazil,Series A,1.66,2,30,6,5,4,0,1.0,2,0,5,operating
C0681,2013,11,Gaming,France,Series D+,67.48,6,489,12,11,10,0,4.1,2,0,1,operating
C0682,2004,20,EdTech,Netherlands,Seed,0.44,1,1,1,15,0,0,0.7,3,0,2,operating
C0683,2015,9,HealthTech,China,Seed,0.66,2,6,4,7,4,0,0.3,3,0,5,acquired
C0684,2012,12,Gaming,Singapore,Series C,23.35,5,44,10,7,8,0,3.3,2,1,3,operating
C0685,2001,23,FoodTech,Singapore,Series A,2.34,2,33,3,18,2,1,2.0,1,0,2,operating
C0686,2008,16,AgriTech,USA,Series C,63.05,4,67,7,15,8,0,2.7,2,0,5,operating
C0687,2011,13,FoodTech,USA,Seed,0.2,1,2,3,12,3,0,0.3,2,0,4,operating
C0688,2010,14,CleanTech,Germany,Series C,68.43,5,404,8,11,7,0,4.1,2,0,5,operating
C0689,2001,23,Biotech,France,Series C,37.68,5,132,7,16,6,0,2.8,2,0,4,operating
C0690,2016,8,HealthTech,France,Series D+,31.89,6,729,8,5,7,0,4.1,3,1,1,operating
C0691,2004,20,Biotech,Singapore,Series A,5.65,3,41,6,17,6,0,1.5,3,0,4,operating
C0692,2013,11,Software,Israel,Series A,2.05,3,25,6,9,5,0,0.6,3,0,3,operating
C0693,2016,8,AgriTech,Canada,IPO,462.56,7,1655,13,5,12,1,4.7,2,0,1,operating
C0694,2007,17,E-Commerce,Netherlands,Series A,2.11,2,14,5,11,7,0,1.1,2,0,4,operating
C0695,2012,12,Biotech,Brazil,Seed,1.35,1,5,4,7,6,0,0.0,3,0,3,acquired
C0696,2004,20,E-Commerce,South Korea,Seed,0.34,1,3,3,13,4,0,0.2,1,0,1,closed
C0697,2016,8,E-Commerce,Netherlands,Series B,5.7,4,36,4,5,4,0,1.0,2,0,2,acquired
C0698,2012,12,Biotech,Israel,Series A,2.44,2,10,5,12,4,0,0.6,2,0,3,operating
C0699,2001,23,SaaS,Netherlands,Seed,0.47,2,3,4,17,5,0,0.5,1,0,2,acquired
C0700,2006,18,HealthTech,Singapore,Seed,0.36,1,2,3,13,5,0,0.3,1,0,5,operating
C0701,2011,13,AI/ML,China,Series A,2.48,2,51,6,12,7,1,0.7,1,0,1,operating
C0702,2002,22,SaaS,Singapore,Series B,8.42,4,325,6,19,4,0,1.8,2,0,3,operating
C0703,2012,12,SaaS,Singapore,Seed,0.3,2,12,1,8,3,0,0.0,2,0,3,closed
C0704,2008,16,AgriTech,Singapore,Seed,0.4,2,3,3,13,4,0,0.4,2,0,3,operating
C0705,2008,16,EdTech,Germany,Series B,30.6,3,132,8,12,8,0,2.1,3,0,5,operating
C0706,2004,20,HealthTech,South Korea,Seed,0.19,2,9,2,16,4,0,0.2,2,0,2,operating
C0707,2019,5,Gaming,Germany,Series A,8.95,2,47,5,5,7,0,1.4,2,0,5,operating
C0708,2018,6,Media,Germany,Series A,4.13,3,22,4,8,5,0,1.0,3,0,4,operating
C0709,2008,16,AgriTech,China,Seed,0.88,1,3,1,11,0,0,0.0,2,1,5,operating
C0710,2014,10,Gaming,Brazil,Series A,4.54,2,50,2,9,2,1,0.4,2,1,5,operating
C0711,2021,3,AgriTech,Japan,Series A,1.93,2,23,4,6,5,0,1.0,1,1,5,operating
C0712,2008,16,Gaming,India,Series D+,88.12,6,239,10,10,11,1,3.1,2,0,1,operating
C0713,2006,18,HealthTech,Brazil,Seed,0.26,2,8,4,11,4,0,0.0,1,1,1,closed
C0714,2019,5,HealthTech,Japan,Series A,7.45,2,17,2,2,4,0,0.6,3,0,2,closed
C0715,2019,5,Software,France,Seed,0.33,1,10,4,6,4,0,0.1,3,0,3,acquired
C0716,2005,19,Software,Netherlands,Series A,1.05,3,11,5,15,7,0,0.2,1,0,3,operating
C0717,2018,6,Logistics,Germany,Series C,64.65,5,352,6,4,4,1,2.6,2,0,5,operating
C0718,2020,4,AI/ML,Singapore,Series B,7.74,4,83,6,0,4,0,0.0,1,0,3,operating
C0719,2017,7,Biotech,Australia,Series A,8.73,2,58,2,8,3,0,0.5,3,0,2,operating
C0720,2003,21,AI/ML,Sweden,Series B,10.37,4,35,5,17,4,0,1.6,3,1,5,operating
C0721,2012,12,FinTech,Germany,IPO,717.22,6,2502,11,8,11,1,5.0,3,0,3,operating
C0722,2013,11,AI/ML,Australia,Series A,0.83,2,21,2,9,1,0,0.7,1,0,3,operating
C0723,2000,24,AgriTech,Israel,Seed,0.38,2,3,0,16,1,0,0.0,1,0,4,acquired
C0724,2006,18,Software,UK,Series C,45.21,5,284,7,11,7,1,2.4,2,0,2,operating
C0725,2007,17,Logistics,Canada,Series B,7.74,4,118,4,9,5,1,2.2,3,0,1,operating
C0726,2012,12,Hardware,USA,Series A,2.44,3,94,2,9,2,0,1.1,2,0,3,operating
C0727,2017,7,EdTech,Netherlands,Series D+,409.31,6,382,12,7,9,0,3.4,2,0,5,operating
C0728,2018,6,Software,Singapore,IPO,708.55,7,1854,12,5,9,0,4.4,3,0,3,operating
C0729,2013,11,Logistics,France,Series A,9.22,2,66,5,8,6,1,0.7,3,1,3,operating
C0730,2005,19,AgriTech,Brazil,Series A,2.61,2,27,6,16,7,0,0.6,1,0,3,acquired
C0731,2015,9,FoodTech,Japan,Series A,1.9,3,12,2,5,1,0,0.3,2,0,4,operating
C0732,2008,16,E-Commerce,Brazil,Series D+,163.09,6,1501,11,10,9,0,3.3,2,0,2,operating
C0733,2013,11,Media,South Korea,Seed,0.84,1,2,2,7,1,0,0.1,3,0,2,closed
C0734,2006,18,FinTech,Netherlands,Seed,0.31,1,5,1,10,3,0,0.0,2,0,5,operating
C0735,2008,16,Biotech,Germany,IPO,584.03,6,2396,10,10,8,0,4.6,2,0,4,operating
C0736,2017,7,E-Commerce,Singapore,IPO,96.81,7,703,10,8,11,1,4.4,2,0,2,operating
C0737,2009,15,FoodTech,Brazil,Series C,146.09,4,213,6,14,7,1,2.6,2,0,5,operating
C0738,2006,18,Software,Germany,Seed,0.55,2,6,3,16,5,0,0.3,1,0,1,operating
C0739,2007,17,Biotech,Netherlands,Seed,0.26,2,7,3,10,3,0,0.1,3,0,4,acquired
C0740,2003,21,FoodTech,Singapore,Seed,0.17,1,4,4,14,5,0,0.0,2,0,1,acquired
C0741,2013,11,Biotech,Singapore,Series A,2.79,2,35,3,10,3,0,1.4,2,0,4,operating
C0742,2000,24,Media,Israel,Seed,0.15,1,11,1,17,2,0,0.0,3,0,3,operating
C0743,2019,5,Logistics,Netherlands,Seed,0.34,2,5,2,6,4,0,0.0,2,0,2,closed
C0744,2016,8,Logistics,USA,Series B,18.05,3,51,8,3,7,1,2.6,1,0,1,operating
C0745,2005,19,Software,China,Series A,1.61,3,107,6,15,6,0,1.4,3,0,2,operating
C0746,2010,14,E-Commerce,Singapore,Series A,5.74,2,59,5,9,4,0,0.0,2,0,1,operating
C0747,2021,3,Software,Brazil,Series A,2.07,3,28,6,5,7,1,0.8,2,0,2,acquired
C0748,2002,22,Media,Brazil,Series A,1.27,2,31,5,14,5,0,0.5,3,0,1,operating
C0749,2008,16,Media,South Korea,Seed,1.07,1,5,4,15,6,1,0.6,2,0,4,operating
C0750,2017,7,AI/ML,India,IPO,300.41,6,1001,14,4,14,1,4.2,3,0,3,operating
C0751,2016,8,HealthTech,India,Seed,0.24,1,15,0,4,2,0,0.5,2,0,1,acquired
C0752,2004,20,Biotech,Brazil,Series A,9.59,3,6,5,16,6,0,0.0,1,0,3,operating
C0753,2003,21,E-Commerce,Israel,Seed,0.21,1,8,1,17,2,0,0.0,1,0,3,acquired
C0754,2014,10,E-Commerce,Israel,Series B,18.59,4,158,7,9,5,0,2.4,1,1,4,operating
C0755,2017,7,CleanTech,Singapore,Series B,7.39,4,82,5,5,5,0,1.8,2,1,2,operating
C0756,2002,22,Software,Canada,Series D+,94.69,6,889,10,17,10,1,4.1,2,1,5,operating
C0757,2010,14,FoodTech,Singapore,IPO,214.58,7,2820,12,9,11,1,4.1,1,0,4,operating
C0758,2004,20,Software,Australia,Series B,26.94,4,89,8,14,6,0,2.2,1,1,4,operating
C0759,2016,8,Hardware,Canada,IPO,518.15,7,741,11,4,9,0,5.0,2,0,5,operating
C0760,2007,17,Gaming,South Korea,Series D+,138.39,5,266,12,14,9,1,3.1,2,0,3,operating
C0761,2018,6,AgriTech,China,Series D+,207.2,5,551,9,4,9,1,3.0,3,0,2,operating
C0762,2019,5,SaaS,Australia,Seed,0.33,1,8,1,5,2,0,0.1,1,0,4,acquired
C0763,2020,4,Gaming,UK,Seed,0.37,1,10,2,3,3,0,0.0,1,1,4,operating
C0764,2009,15,Media,Canada,Series B,13.97,4,102,4,8,6,0,1.5,3,0,1,operating
C0765,2015,9,EdTech,India,IPO,643.22,6,546,14,5,14,1,4.1,3,1,2,operating
C0766,2020,4,Biotech,Singapore,Series A,23.71,3,43,6,3,7,0,0.9,2,0,1,closed
C0767,2011,13,Logistics,Australia,Seed,0.5,1,1,3,11,5,0,0.1,2,0,4,operating
C0768,2002,22,FoodTech,Sweden,Series B,12.98,3,109,6,19,7,0,2.0,2,0,5,operating
C0769,2002,22,E-Commerce,Australia,Seed,0.41,1,8,1,13,3,0,0.0,3,0,5,operating
C0770,2014,10,FinTech,China,Series A,2.11,2,26,6,10,4,0,1.5,3,0,3,operating
C0771,2005,19,Hardware,Netherlands,Series B,8.56,3,47,5,12,6,0,1.6,2,0,1,operating
C0772,2010,14,EdTech,Germany,Series A,5.99,2,20,6,9,6,0,1.5,2,0,4,operating
C0773,2007,17,E-Commerce,Brazil,Series A,0.95,2,32,3,15,2,0,1.0,3,0,3,operating
C0774,2008,16,HealthTech,South Korea,Seed,0.56,1,5,1,11,2,0,0.1,3,0,4,operating
C0775,2005,19,Software,Japan,Series B,21.69,4,122,5,14,7,0,2.5,3,0,3,operating
C0776,2015,9,CleanTech,Singapore,IPO,514.18,6,1100,12,4,9,1,4.9,2,0,2,operating
C0777,2005,19,Hardware,France,Series B,6.31,4,42,6,16,4,0,1.0,2,0,5,operating
C0778,2014,10,E-Commerce,UK,Series A,12.48,3,7,4,10,5,0,0.0,2,0,3,acquired
C0779,2013,11,Media,Netherlands,Series D+,405.42,5,646,8,11,8,0,2.6,3,0,3,operating
C0780,2018,6,CleanTech,USA,Series B,39.14,3,60,7,4,5,1,1.7,1,1,4,operating
C0781,2012,12,AI/ML,France,Series A,3.56,3,15,6,7,5,0,0.5,3,0,5,operating
C0782,2017,7,EdTech,Australia,Seed,0.39,1,4,0,7,0,0,0.4,2,0,1,operating
C0783,2020,4,AgriTech,Netherlands,Series C,21.44,5,374,7,2,8,0,3.1,1,0,2,operating
C0784,2004,20,Software,India,Seed,0.76,1,11,2,12,2,0,0.0,2,0,1,operating
C0785,2007,17,Biotech,Brazil,Seed,1.16,2,7,1,10,3,0,0.4,2,1,4,operating
C0786,2021,3,EdTech,South Korea,Series B,40.04,4,42,7,6,7,0,1.7,1,0,3,operating
C0787,2000,24,AgriTech,Canada,Series B,7.91,4,62,5,19,5,0,2.2,2,0,5,operating
C0788,2017,7,Gaming,Germany,Seed,1.16,2,3,2,3,1,0,0.4,2,0,2,closed
C0789,2012,12,Gaming,Brazil,Series B,7.49,3,129,5,8,6,0,1.2,2,0,3,operating
C0790,2004,20,FinTech,Sweden,Series B,24.3,3,78,7,13,6,0,1.5,2,0,3,operating
C0791,2020,4,Hardware,Japan,Series A,1.5,2,41,5,5,5,1,1.7,2,0,4,operating
C0792,2008,16,Gaming,Germany,IPO,761.45,7,1371,11,12,9,0,4.7,1,0,3,operating
C0793,2002,22,Logistics,France,Series A,1.77,2,39,2,17,4,0,0.8,2,0,1,operating
C0794,2008,16,Gaming,Singapore,Series A,2.99,2,33,3,14,5,0,0.7,3,0,2,operating
C0795,2012,12,FinTech,Israel,IPO,389.88,6,3499,13,9,12,0,3.9,2,0,2,operating
C0796,2019,5,FoodTech,South Korea,Series A,2.35,3,29,6,3,5,0,0.9,1,0,5,operating
C0797,2014,10,Media,Germany,Series A,6.09,3,27,2,6,1,0,0.8,2,0,3,operating
C0798,2004,20,FinTech,South Korea,Series D+,351.07,6,643,10,18,11,0,4.1,3,0,4,operating
C0799,2003,21,CleanTech,Israel,Seed,0.38,2,3,1,12,3,1,0.9,3,0,1,operating
C0800,2017,7,AgriTech,China,Series A,0.64,2,23,2,2,3,1,0.7,2,0,5,acquired
C0801,2016,8,AgriTech,France,Seed,0.77,1,3,1,3,0,0,0.5,1,0,5,closed
C0802,2019,5,AgriTech,Sweden,Series A,2.75,3,49,6,5,4,0,1.6,3,0,2,operating
C0803,2020,4,AgriTech,Canada,Series A,1.86,2,51,2,4,3,0,0.9,3,0,5,acquired
C0804,2006,18,E-Commerce,Canada,Series A,2.91,2,12,2,13,4,1,0.9,2,0,2,operating
C0805,2015,9,CleanTech,Brazil,Series B,9.52,3,124,8,7,6,0,0.6,3,0,3,operating
C0806,2009,15,FoodTech,Israel,Seed,0.18,2,1,1,10,0,0,0.0,1,0,2,operating
C0807,2020,4,Software,Brazil,Series C,66.49,5,52,8,1,6,1,2.7,2,0,3,operating
C0808,2016,8,Logistics,Netherlands,Series D+,43.46,6,171,10,3,10,0,3.3,1,0,4,operating
C0809,2005,19,EdTech,South Korea,Seed,0.21,2,10,1,11,0,0,0.0,2,0,3,acquired
C0810,2002,22,EdTech,Japan,Series A,2.11,2,15,3,17,5,0,0.8,1,1,4,operating
C0811,2015,9,FoodTech,India,Series A,4.7,3,11,3,8,2,0,1.2,3,1,4,operating
C0812,2020,4,AgriTech,China,Series C,12.72,4,259,7,6,8,0,3.0,3,0,4,operating
C0813,2012,12,Logistics,Singapore,Series A,1.65,2,8,4,9,3,1,1.7,2,0,2,operating
C0814,2014,10,HealthTech,Sweden,Series D+,467.39,6,528,10,9,10,1,4.6,2,1,4,operating
C0815,2004,20,Software,Australia,Series C,30.92,4,104,10,12,8,0,3.1,3,0,4,operating
C0816,2008,16,FoodTech,Japan,Series C,36.73,5,89,8,10,7,1,2.1,2,0,5,operating
C0817,2018,6,FinTech,Canada,Seed,0.8,2,9,2,8,3,0,0.9,3,0,1,closed
C0818,2015,9,FinTech,Germany,Series A,4.63,2,27,6,8,4,0,0.5,3,0,2,operating
C0819,2009,15,Biotech,Netherlands,Series B,13.85,3,47,5,12,4,1,1.2,2,0,3,operating
C0820,2002,22,FinTech,Sweden,IPO,432.07,6,399,11,16,10,0,5.0,3,0,1,operating
C0821,2001,23,Logistics,USA,Series C,41.4,5,180,7,17,8,0,3.3,3,0,1,operating
C0822,2016,8,Software,Sweden,Seed,0.52,2,3,4,6,5,0,0.0,2,0,3,operating
C0823,2016,8,AI/ML,Singapore,Seed,0.15,1,1,3,9,3,0,0.2,1,0,3,acquired
C0824,2021,3,Gaming,Germany,Seed,0.35,1,2,4,2,6,0,0.0,1,1,4,operating
C0825,2005,19,FoodTech,South Korea,Seed,0.66,1,3,1,13,0,0,0.0,3,0,2,closed
C0826,2000,24,HealthTech,Japan,Series A,1.6,2,55,4,18,4,0,1.3,3,0,4,operating
C0827,2001,23,Logistics,Sweden,Seed,0.38,1,4,3,16,5,0,0.0,2,0,1,operating
C0828,2003,21,Biotech,Sweden,Series C,10.19,4,88,10,15,8,0,2.2,1,0,5,operating
C0829,2005,19,Logistics,Japan,Series B,9.85,3,77,8,13,6,0,1.4,1,0,2,operating
C0830,2021,3,FoodTech,Canada,Series D+,271.14,6,885,10,0,8,0,3.5,3,0,2,operating
C0831,2000,24,Biotech,Singapore,Series B,33.01,3,26,8,18,9,0,1.0,2,0,1,operating
C0832,2004,20,Gaming,Sweden,Series D+,40.01,5,584,9,18,8,0,4.3,1,0,3,operating
C0833,2015,9,FinTech,USA,Series B,9.3,4,68,5,6,6,0,1.8,2,0,4,operating
C0834,2005,19,Hardware,Australia,Series B,7.75,3,54,4,13,5,1,1.3,2,0,2,operating
C0835,2021,3,Logistics,Sweden,Seed,0.37,2,6,3,5,3,0,0.0,2,0,2,closed
C0836,2018,6,E-Commerce,South Korea,Seed,0.13,1,3,0,7,1,0,0.6,3,0,3,acquired
C0837,2020,4,FinTech,Brazil,Seed,1.41,2,3,3,5,2,0,0.3,1,0,3,closed
C0838,2019,5,FoodTech,Australia,Series A,12.5,2,12,3,3,5,0,2.0,2,0,1,operating
C0839,2009,15,Media,Australia,Series C,22.48,5,230,7,11,6,0,2.6,1,0,1,operating
C0840,2016,8,SaaS,Canada,Series A,1.72,3,36,3,9,4,0,0.7,2,0,4,acquired
C0841,2015,9,FinTech,South Korea,Series D+,151.83,6,1296,9,9,9,0,4.2,1,0,1,operating
C0842,2003,21,CleanTech,Sweden,Series C,223.74,4,260,6,14,6,0,3.2,1,0,1,operating
C0843,2016,8,Hardware,Canada,Seed,0.7,1,4,0,7,0,0,0.1,3,0,2,acquired
C0844,2008,16,E-Commerce,Israel,Series A,3.79,3,79,2,14,2,1,0.3,2,0,1,acquired
C0845,2018,6,SaaS,Japan,Seed,0.36,2,2,3,7,3,0,0.6,3,0,1,closed
C0846,2013,11,FoodTech,Canada,IPO,119.77,6,2249,13,8,10,1,4.4,2,1,2,operating
C0847,2020,4,Hardware,Singapore,IPO,319.24,6,1600,12,6,12,0,3.7,3,0,1,operating
C0848,2013,11,FoodTech,Canada,Seed,0.11,1,2,1,6,2,0,0.0,2,0,5,acquired
C0849,2014,10,FoodTech,Sweden,Series B,10.19,4,104,4,8,3,0,2.6,2,0,5,operating
C0850,2002,22,AgriTech,China,Series A,4.86,3,23,2,19,1,0,0.2,3,0,2,operating
C0851,2000,24,FoodTech,China,IPO,177.45,6,1253,11,20,10,1,3.9,2,0,3,operating
C0852,2000,24,Biotech,Israel,Seed,0.59,1,2,2,19,1,0,0.0,3,0,1,operating
C0853,2010,14,Hardware,Netherlands,Series A,1.85,3,27,5,13,5,0,0.2,3,1,5,acquired
C0854,2015,9,FinTech,USA,Series D+,141.17,6,1486,9,5,7,0,2.1,1,0,4,operating
C0855,2015,9,FinTech,Germany,Series A,3.44,2,27,3,7,2,0,1.5,1,0,2,closed
C0856,2000,24,Software,UK,Series A,1.0,2,27,4,15,3,0,0.1,2,0,1,operating
C0857,2015,9,Media,India,Series B,16.68,3,247,8,8,6,0,2.0,2,0,2,acquired
C0858,2006,18,CleanTech,Israel,Seed,0.45,1,8,3,16,4,0,0.0,2,0,1,operating
C0859,2011,13,Software,Sweden,Seed,0.18,2,1,3,11,3,0,0.0,2,0,3,acquired
C0860,2021,3,Media,China,Series C,158.3,4,86,8,6,9,0,2.0,1,0,1,operating
C0861,2003,21,E-Commerce,Canada,Series A,1.64,3,23,3,18,3,0,0.9,1,0,2,operating
C0862,2004,20,SaaS,South Korea,Series A,9.87,3,27,5,13,4,0,1.7,3,0,4,operating
C0863,2001,23,EdTech,Sweden,Series A,1.96,3,40,6,14,6,0,0.7,2,0,4,operating
C0864,2014,10,Software,Canada,Series A,2.11,2,34,3,8,4,0,0.3,2,0,5,operating
C0865,2003,21,FoodTech,South Korea,Series B,29.07,3,138,7,15,5,1,2.1,1,0,5,operating
C0866,2004,20,Logistics,South Korea,Series B,23.28,4,99,7,12,5,0,2.4,2,0,1,operating
C0867,2018,6,Logistics,Australia,Series C,70.45,4,101,8,5,7,0,2.6,2,1,1,operating
C0868,2007,17,Media,USA,Seed,0.47,1,2,2,13,1,0,0.0,3,0,4,acquired
C0869,2018,6,HealthTech,UK,Series A,4.12,3,16,6,4,4,0,0.3,2,1,1,operating
C0870,2000,24,HealthTech,France,Series A,0.46,3,7,5,15,4,0,1.3,3,0,3,operating
C0871,2007,17,E-Commerce,Israel,Series C,99.59,4,210,6,12,7,0,3.5,2,1,1,operating
C0872,2004,20,HealthTech,USA,Series B,11.51,3,224,8,15,9,1,1.6,3,0,5,operating
C0873,2009,15,SaaS,Singapore,IPO,178.69,7,1116,10,12,10,0,4.4,3,0,4,operating
C0874,2020,4,SaaS,France,Series A,1.31,2,15,2,4,3,0,0.6,2,0,3,operating
C0875,2010,14,FinTech,Canada,Series C,24.94,4,166,7,13,6,0,2.9,3,0,5,operating
C0876,2013,11,EdTech,Brazil,Series B,7.93,3,191,4,8,4,0,2.1,2,0,4,operating
C0877,2008,16,Hardware,Canada,Series B,5.79,4,98,5,12,6,0,1.9,1,0,3,operating
C0878,2017,7,FoodTech,Australia,Series A,2.85,3,18,3,8,4,1,0.9,1,0,5,operating
C0879,2015,9,FinTech,Japan,Seed,1.35,2,5,1,4,3,0,0.0,2,0,1,closed
C0880,2001,23,Gaming,UK,Series C,116.58,4,249,6,19,5,0,2.6,1,1,1,operating
C0881,2019,5,AgriTech,USA,Series C,73.48,4,298,9,6,8,0,1.6,3,0,5,operating
C0882,2019,5,EdTech,Japan,Series B,18.4,3,88,5,3,6,0,2.4,2,0,2,operating
C0883,2004,20,HealthTech,Brazil,Series B,8.89,4,64,8,15,8,0,2.5,1,0,3,operating
C0884,2001,23,Biotech,Japan,Series A,3.66,2,18,2,18,3,0,0.5,2,0,1,operating
C0885,2004,20,Logistics,Netherlands,Series C,49.76,4,101,8,17,8,0,3.0,2,1,5,operating
C0886,2004,20,E-Commerce,Germany,IPO,128.08,7,1109,10,17,11,0,4.7,2,1,4,operating
C0887,2021,3,Logistics,UK,Series B,35.56,4,23,6,5,5,0,2.5,1,0,4,operating
C0888,2020,4,CleanTech,USA,IPO,102.01,6,1586,13,0,12,1,4.9,2,1,1,operating
C0889,2021,3,AI/ML,India,IPO,871.87,6,1007,12,6,11,1,4.5,1,0,3,operating
C0890,2000,24,AgriTech,China,Series D+,42.73,6,874,11,15,9,0,3.1,1,0,2,operating
C0891,2018,6,CleanTech,Netherlands,Seed,0.1,2,11,3,4,3,0,0.0,2,0,2,closed
C0892,2004,20,Gaming,France,Series D+,157.26,6,1134,11,12,11,0,3.6,2,0,5,operating
C0893,2021,3,AgriTech,South Korea,Series B,10.81,4,93,7,5,7,1,1.6,2,0,4,operating
C0894,2021,3,Biotech,Australia,Series A,1.69,3,27,6,5,7,0,1.2,1,1,3,operating
C0895,2012,12,Gaming,South Korea,Seed,0.3,2,5,4,9,6,0,0.3,2,0,5,operating
C0896,2019,5,EdTech,India,Seed,0.3,1,2,4,7,5,0,0.2,3,0,5,operating
C0897,2001,23,E-Commerce,USA,Seed,0.37,2,3,0,20,1,0,0.5,2,0,3,acquired
C0898,2018,6,Software,India,Series B,9.55,4,139,4,8,6,1,1.7,1,0,3,operating
C0899,2009,15,Media,Singapore,IPO,165.55,6,2287,13,13,10,1,5.0,3,0,4,operating
C0900,2009,15,EdTech,Netherlands,Series C,165.79,4,348,8,11,7,1,2.4,2,0,1,operating
C0901,2006,18,SaaS,Sweden,Series B,2.33,4,205,4,13,5,0,1.8,1,0,1,operating
C0902,2017,7,AgriTech,Singapore,Seed,0.21,1,6,2,4,2,0,0.7,2,0,5,operating
C0903,2012,12,Hardware,Sweden,Seed,0.38,2,5,2,12,4,0,0.1,3,0,2,acquired
C0904,2001,23,AgriTech,Sweden,Series A,1.22,2,41,5,15,6,0,0.7,3,0,2,operating
C0905,2021,3,Logistics,Japan,Series B,6.28,4,47,8,2,9,0,2.0,1,0,5,operating
C0906,2003,21,E-Commerce,South Korea,Series A,3.77,2,36,6,13,4,0,0.6,2,1,1,operating
C0907,2008,16,Logistics,Germany,Seed,1.0,1,9,1,11,1,0,0.0,1,0,4,operating
C0908,2007,17,FoodTech,Brazil,Series B,41.71,4,43,7,14,7,1,1.4,1,0,2,operating
C0909,2015,9,SaaS,France,Series C,35.56,5,183,9,4,10,0,2.3,2,0,2,operating
C0910,2001,23,Hardware,Sweden,Series B,15.12,3,251,8,16,6,0,2.2,3,0,5,operating
C0911,2013,11,EdTech,Japan,Seed,0.41,1,2,0,7,3,0,0.0,2,0,1,operating
C0912,2016,8,AgriTech,India,Series A,20.03,2,33,3,9,4,0,1.2,3,1,3,operating
C0913,2009,15,SaaS,Japan,Seed,0.1,1,3,1,14,0,0,0.0,3,1,3,operating
C0914,2009,15,CleanTech,UK,Seed,0.95,1,4,2,9,2,0,0.4,3,0,1,closed
C0915,2016,8,FoodTech,Netherlands,Series A,1.53,2,7,2,8,3,0,1.4,3,0,2,operating
C0916,2007,17,FinTech,Singapore,Series A,1.81,3,18,4,11,5,0,1.1,2,0,1,operating
C0917,2002,22,AgriTech,Brazil,Series A,9.84,2,31,6,18,6,0,0.5,3,0,5,operating
C0918,2021,3,E-Commerce,USA,Series A,1.76,2,27,6,0,6,0,0.5,2,0,1,closed
C0919,2013,11,AgriTech,Canada,Series B,10.94,4,36,7,9,5,0,1.5,1,1,3,operating
C0920,2012,12,Biotech,Singapore,Series C,17.97,4,355,6,7,4,0,3.1,1,0,5,operating
C0921,2007,17,AI/ML,UK,Seed,0.34,2,6,2,9,2,0,0.1,2,1,4,operating
C0922,2012,12,FoodTech,India,IPO,393.77,6,921,11,8,11,1,3.2,3,1,5,operating
C0923,2015,9,CleanTech,South Korea,Series C,37.32,4,453,7,7,6,1,2.3,2,0,2,operating
C0924,2004,20,HealthTech,South Korea,Series A,11.24,3,31,4,15,3,0,0.3,2,0,2,operating
C0925,2006,18,AgriTech,France,Seed,0.46,2,2,0,11,3,0,0.0,2,0,1,acquired
C0926,2005,19,Software,France,Seed,0.23,1,4,4,12,3,0,0.2,3,0,5,operating
C0927,2013,11,Hardware,Sweden,Series A,2.96,3,8,2,9,3,0,1.4,2,0,5,acquired
C0928,2007,17,HealthTech,Netherlands,Series D+,294.5,6,160,9,13,10,0,4.0,1,0,3,operating
C0929,2000,24,CleanTech,Germany,Series A,6.46,2,16,2,15,2,0,0.8,2,0,4,operating
C0930,2009,15,SaaS,France,Series A,1.61,2,73,4,9,4,1,1.9,1,0,5,operating
C0931,2008,16,Biotech,Sweden,Series A,1.43,3,59,3,13,4,0,1.2,1,1,2,operating
C0932,2021,3,Biotech,India,Series A,3.46,2,20,6,3,4,0,0.4,3,0,4,operating
C0933,2009,15,AgriTech,UK,Seed,0.45,2,9,2,9,4,0,0.0,3,0,4,acquired
C0934,2004,20,EdTech,France,Series D+,40.25,5,210,9,13,7,1,4.0,3,1,1,operating
C0935,2002,22,E-Commerce,Netherlands,Series A,3.29,2,17,2,15,3,0,1.7,1,0,1,operating
C0936,2021,3,EdTech,Netherlands,Series A,6.74,2,23,3,6,5,0,0.8,3,0,3,operating
C0937,2011,13,AI/ML,Japan,Series A,3.7,3,24,5,11,6,0,0.3,3,1,3,operating
C0938,2011,13,Gaming,UK,Series D+,110.62,6,929,10,9,11,1,3.7,2,1,1,operating
C0939,2000,24,E-Commerce,Sweden,Seed,1.15,2,2,2,14,3,0,0.0,1,0,4,acquired
C0940,2020,4,CleanTech,USA,Seed,0.39,1,3,1,3,1,0,0.3,2,1,4,acquired
C0941,2002,22,HealthTech,Singapore,Seed,2.0,2,10,1,15,1,0,0.0,2,0,4,operating
C0942,2001,23,Gaming,Netherlands,Series A,10.93,3,24,5,18,5,0,1.5,2,0,2,operating
C0943,2010,14,AI/ML,Australia,Seed,0.43,2,2,1,8,2,0,0.4,3,0,1,acquired
C0944,2012,12,HealthTech,Netherlands,Seed,0.39,1,9,1,8,2,0,0.0,2,0,2,acquired
C0945,2016,8,Software,Japan,Series C,54.14,4,104,6,7,6,0,2.6,3,0,2,operating
C0946,2021,3,AgriTech,Sweden,IPO,228.33,7,3333,13,5,10,1,4.1,1,0,3,operating
C0947,2016,8,Biotech,Brazil,Series C,24.75,5,132,10,8,11,0,2.4,1,0,5,operating
C0948,2002,22,FoodTech,UK,Seed,0.34,1,2,1,15,1,0,1.0,3,0,4,operating
C0949,2010,14,Gaming,South Korea,Seed,0.21,1,3,2,8,2,0,0.5,1,0,5,closed
C0950,2001,23,EdTech,Singapore,IPO,289.76,6,3627,14,17,13,1,5.0,2,0,3,operating
C0951,2016,8,Biotech,South Korea,Seed,0.2,1,7,2,8,2,0,0.5,2,0,1,closed
C0952,2016,8,Software,China,Series A,4.26,3,11,5,7,5,0,1.4,1,1,4,acquired
C0953,2013,11,Hardware,Sweden,Series A,5.43,3,5,4,6,6,0,0.7,3,1,3,operating
C0954,2014,10,Logistics,India,Series C,121.11,5,92,9,9,10,1,2.1,1,0,4,operating
C0955,2000,24,FoodTech,Sweden,Series A,9.84,2,37,3,20,5,1,0.5,1,0,1,operating
C0956,2018,6,Biotech,France,Series B,14.1,3,68,8,8,8,0,1.7,3,1,3,operating
C0957,2003,21,Biotech,Netherlands,Series A,1.19,3,13,3,14,4,0,0.7,3,1,5,operating
C0958,2014,10,HealthTech,Israel,Series A,3.39,2,89,6,8,4,0,0.4,2,1,4,acquired
C0959,2009,15,CleanTech,China,Series D+,187.35,6,270,12,8,10,1,3.6,2,0,2,operating
C0960,2008,16,Biotech,Sweden,Series A,3.56,2,50,6,12,5,0,0.7,3,1,4,operating
C0961,2008,16,Software,UK,Series C,62.1,4,324,10,15,11,1,3.3,2,0,5,operating
C0962,2011,13,AgriTech,China,Series C,11.77,5,393,6,13,5,0,2.1,2,0,1,operating
C0963,2004,20,Biotech,South Korea,Series A,2.5,2,23,3,17,2,1,1.5,3,0,3,operating
C0964,2000,24,Media,Japan,Series C,35.49,4,127,6,15,7,1,3.1,1,0,1,operating
C0965,2014,10,Hardware,Germany,IPO,327.4,7,3913,12,7,10,0,4.6,1,0,1,operating
C0966,2013,11,Logistics,Australia,Seed,0.22,2,2,0,11,2,0,0.2,2,1,3,operating
C0967,2002,22,EdTech,Sweden,Series A,2.59,3,41,5,18,5,1,0.8,3,0,5,operating
C0968,2002,22,SaaS,Japan,IPO,326.24,6,1708,10,14,10,1,4.2,2,0,4,operating
C0969,2009,15,Hardware,South Korea,Series B,10.68,3,47,6,9,5,0,2.5,2,0,2,operating
C0970,2000,24,Biotech,China,Seed,0.52,1,2,0,19,2,0,0.0,2,0,5,operating
C0971,2020,4,FoodTech,Sweden,Series C,46.8,5,194,7,1,8,0,3.5,3,0,1,operating
C0972,2021,3,AI/ML,USA,Series A,4.16,2,19,6,1,4,0,0.4,2,0,1,closed
C0973,2009,15,AgriTech,UK,Series A,3.82,2,66,2,13,1,1,1.0,2,1,3,operating
C0974,2012,12,Media,Japan,IPO,475.44,7,1811,14,7,14,1,5.0,1,0,2,operating
C0975,2013,11,Media,UK,Series A,0.4,3,18,2,10,3,0,0.9,1,1,3,operating
C0976,2003,21,AgriTech,Germany,Series B,7.45,3,98,8,15,7,1,1.0,2,0,4,operating
C0977,2003,21,E-Commerce,Canada,Series B,3.11,3,329,6,14,4,0,2.2,1,0,2,operating
C0978,2003,21,SaaS,France,Series A,3.23,3,30,3,18,4,0,0.4,2,0,2,operating
C0979,2010,14,E-Commerce,USA,Seed,0.22,2,4,3,10,4,0,0.0,2,1,1,acquired
C0980,2007,17,FinTech,Australia,Series D+,208.9,5,154,11,11,11,0,4.1,2,1,2,operating
C0981,2002,22,FinTech,Australia,Seed,0.96,1,12,4,17,6,0,0.1,3,0,4,operating
C0982,2018,6,Media,Netherlands,Series D+,98.37,5,888,10,4,11,1,4.6,3,0,3,operating
C0983,2006,18,FoodTech,Australia,Series B,10.08,3,80,6,14,4,0,1.3,3,0,4,operating
C0984,2007,17,Hardware,Australia,Series D+,43.46,6,451,11,9,10,1,4.5,1,0,4,operating
C0985,2011,13,Hardware,UK,Series C,33.8,5,270,7,8,8,1,3.3,2,0,3,operating
C0986,2010,14,AI/ML,Australia,Series C,25.12,5,56,6,10,5,0,3.0,2,0,3,operating
C0987,2008,16,CleanTech,Brazil,Seed,0.46,2,2,2,14,3,0,0.0,3,1,2,operating
C0988,2000,24,E-Commerce,Brazil,Seed,1.5,1,5,2,19,1,0,0.0,2,1,2,acquired
C0989,2008,16,AgriTech,Japan,Series A,1.5,3,80,4,14,6,0,1.5,3,0,3,operating
C0990,2016,8,FoodTech,Netherlands,Series A,0.94,2,14,3,5,3,0,0.7,2,0,1,operating
C0991,2014,10,CleanTech,Brazil,Series A,2.08,2,21,2,8,4,0,0.6,3,0,2,operating
C0992,2021,3,AI/ML,Sweden,Seed,0.58,2,1,4,2,4,1,0.2,2,0,1,operating
C0993,2020,4,AgriTech,UK,Series C,52.34,5,302,10,6,9,0,2.9,2,0,1,operating
C0994,2018,6,HealthTech,USA,Series B,6.93,4,60,4,8,5,0,2.3,3,0,4,operating
C0995,2012,12,AI/ML,Germany,Series A,2.46,2,18,3,11,5,0,1.5,2,0,4,operating
C0996,2020,4,SaaS,Germany,Series B,32.0,4,126,8,5,8,1,1.8,2,1,5,operating
C0997,2011,13,AI/ML,South Korea,Series B,12.59,3,57,5,12,6,1,2.5,2,0,1,operating
C0998,2018,6,FinTech,India,Series A,3.07,2,21,6,4,7,0,0.9,2,0,4,operating
C0999,2008,16,Biotech,China,Series B,8.19,4,72,8,10,8,0,2.0,3,1,1,operating
C1000,2009,15,E-Commerce,UK,Series B,47.38,3,87,5,9,6,1,2.3,2,0,4,operating
C1001,2004,20,AI/ML,UK,Series A,1.66,3,13,5,17,7,0,0.1,2,0,4,operating
C1002,2020,4,AI/ML,India,Seed,0.28,2,5,0,5,2,0,0.1,3,0,1,operating
C1003,2003,21,FinTech,India,Seed,0.04,1,3,3,16,3,0,0.0,2,0,4,operating
C1004,2021,3,Logistics,Japan,Series B,8.72,3,224,4,2,3,0,2.1,2,0,2,operating
C1005,2013,11,EdTech,Germany,Series C,47.78,5,94,6,6,4,0,2.7,2,0,1,operating
C1006,2009,15,CleanTech,China,Series C,12.47,5,388,7,9,8,0,2.5,2,0,4,operating
C1007,2014,10,Logistics,Canada,Series A,1.17,3,26,3,9,3,1,0.0,3,0,2,acquired
C1008,2003,21,HealthTech,India,Series B,27.05,4,173,5,14,4,0,2.2,1,0,2,operating
C1009,2001,23,FoodTech,Australia,Series C,25.76,4,97,8,15,9,1,2.5,2,0,5,operating
C1010,2001,23,Gaming,UK,Series A,1.1,3,14,6,14,4,0,0.6,2,0,5,operating
C1011,2017,7,AI/ML,France,Series A,4.59,2,15,3,8,3,0,0.9,2,0,5,operating
C1012,2021,3,AgriTech,Singapore,Series A,3.19,3,34,4,3,5,0,0.6,2,1,2,operating
C1013,2005,19,Software,Germany,Series D+,148.61,6,431,11,15,8,1,4.3,1,0,3,operating
C1014,2000,24,Hardware,Brazil,Series A,4.33,2,26,4,19,6,0,0.7,3,0,5,operating
C1015,2003,21,CleanTech,Netherlands,Series A,3.86,3,12,5,13,6,0,1.3,2,0,1,operating
C1016,2005,19,Gaming,UK,Series A,2.74,2,16,3,12,5,0,0.6,2,1,2,operating
C1017,2007,17,SaaS,China,Series D+,191.07,6,2382,10,14,9,0,3.8,1,1,2,operating
C1018,2017,7,HealthTech,Netherlands,Series D+,293.78,6,632,11,5,10,0,4.7,1,0,3,operating
C1019,2016,8,SaaS,Netherlands,Series D+,66.63,6,372,12,4,9,0,4.1,1,0,5,operating
C1020,2002,22,E-Commerce,France,Series A,2.45,2,48,5,18,4,0,1.5,3,0,1,operating
C1021,2007,17,SaaS,Israel,Series A,4.36,3,41,2,14,3,0,0.0,2,0,3,operating
C1022,2008,16,EdTech,Australia,Seed,1.18,1,3,4,14,5,0,0.0,3,0,4,operating
C1023,2001,23,Media,UK,IPO,524.59,7,1312,11,16,11,0,3.9,2,1,2,operating
C1024,2008,16,HealthTech,Israel,Series C,87.45,4,37,9,13,10,0,3.4,1,0,1,operating
C1025,2015,9,FinTech,France,Series A,4.21,3,30,6,6,6,0,1.0,3,0,3,acquired
C1026,2013,11,Software,China,Series A,2.04,3,32,6,9,4,0,0.5,3,1,1,operating
C1027,2006,18,SaaS,Japan,Series C,32.76,4,207,7,15,8,1,2.4,2,0,2,operating
C1028,2006,18,AgriTech,Brazil,Seed,0.32,2,16,3,10,5,0,0.0,1,1,4,operating
C1029,2003,21,Logistics,Canada,Seed,0.35,2,5,0,15,1,1,0.0,2,0,5,operating
C1030,2019,5,AI/ML,India,Seed,0.26,1,10,0,5,3,0,0.5,2,0,4,operating
C1031,2013,11,HealthTech,South Korea,Series A,3.01,3,35,5,9,4,0,0.9,1,1,4,operating
C1032,2004,20,Software,USA,Series A,0.72,3,19,2,15,3,0,1.4,2,1,4,operating
C1033,2011,13,FoodTech,India,Series C,101.23,4,143,8,11,6,0,2.0,1,1,2,operating
C1034,2011,13,Hardware,South Korea,Seed,0.85,1,8,4,12,5,0,0.6,1,0,1,closed
C1035,2010,14,E-Commerce,Israel,Seed,0.42,2,5,2,8,4,0,0.0,3,0,4,operating
C1036,2013,11,Media,France,Series B,21.61,3,39,8,5,6,0,2.2,2,0,5,operating
C1037,2001,23,AgriTech,USA,Series C,82.64,5,91,7,16,5,0,2.8,3,0,1,operating
C1038,2018,6,SaaS,Australia,Series B,31.3,3,136,4,8,4,0,1.8,3,0,5,operating
C1039,2002,22,E-Commerce,Netherlands,Series A,1.69,2,32,3,13,3,1,0.7,2,1,2,operating
C1040,2000,24,SaaS,USA,IPO,237.95,6,1574,11,19,10,1,4.2,2,0,4,operating
C1041,2017,7,FoodTech,Germany,Series B,10.91,3,42,5,8,6,1,1.7,1,0,4,operating
C1042,2021,3,EdTech,France,Series A,5.53,2,27,6,1,7,0,0.3,3,0,3,operating
C1043,2021,3,Biotech,Canada,Series B,32.01,4,258,6,3,5,0,1.5,2,0,1,operating
C1044,2007,17,AI/ML,USA,Series D+,112.42,5,605,12,14,9,0,3.8,3,1,1,operating
C1045,2015,9,FoodTech,Singapore,Series B,15.38,3,54,5,4,4,0,2.8,1,0,5,operating
C1046,2012,12,EdTech,Canada,Series A,0.44,3,60,6,7,6,0,1.6,1,1,2,acquired
C1047,2014,10,Media,China,Series B,5.13,4,91,6,11,7,0,2.0,3,1,5,operating
C1048,2010,14,FoodTech,Japan,Seed,0.25,2,2,4,10,5,0,0.2,2,0,3,operating
C1049,2020,4,SaaS,Singapore,Seed,0.2,1,5,3,2,2,0,1.3,3,1,4,operating
C1050,2011,13,FinTech,South Korea,IPO,225.84,6,849,12,13,11,0,3.4,3,0,3,operating
C1051,2008,16,Hardware,South Korea,Series C,105.71,4,156,10,12,8,1,2.4,1,0,5,operating
C1052,2020,4,Software,South Korea,IPO,135.24,7,3506,10,1,10,1,5.0,3,0,1,operating
C1053,2013,11,Gaming,Singapore,Series B,11.09,4,76,7,7,6,0,1.5,2,0,4,operating
C1054,2009,15,AI/ML,Singapore,Series A,0.89,2,58,4,8,4,1,0.6,2,0,1,operating
C1055,2021,3,EdTech,Canada,Series B,5.63,4,164,7,4,8,0,1.1,3,0,1,operating
C1056,2004,20,SaaS,USA,Series B,13.68,4,52,5,13,5,0,1.1,2,0,4,operating
C1057,2018,6,Software,Germany,Seed,0.16,2,1,0,5,1,0,0.0,2,0,1,operating
C1058,2001,23,Biotech,Sweden,Series B,2.99,3,63,6,14,7,0,1.9,2,0,3,operating
C1059,2020,4,Hardware,Netherlands,Series C,95.25,4,59,8,1,8,1,3.8,3,0,1,operating
C1060,2009,15,Gaming,France,Series A,0.76,3,123,2,14,2,0,0.6,3,0,3,operating
C1061,2002,22,SaaS,Israel,Series B,10.97,3,268,4,13,4,0,2.4,3,0,1,operating
C1062,2016,8,Media,Canada,Seed,0.34,1,1,4,3,3,0,0.4,3,0,2,closed
C1063,2021,3,Logistics,UK,Seed,0.4,2,2,1,6,2,0,0.6,1,0,1,closed
C1064,2007,17,AgriTech,Netherlands,Seed,0.31,2,4,0,10,1,0,0.3,2,1,4,operating
C1065,2003,21,Gaming,Japan,Series D+,210.52,5,203,12,12,9,0,3.6,2,0,1,operating
C1066,2002,22,Biotech,Canada,Series A,4.94,3,7,2,14,2,0,0.8,1,0,5,operating
C1067,2007,17,FinTech,Germany,Series C,14.76,4,115,10,10,10,0,3.1,3,0,2,operating
C1068,2009,15,HealthTech,Japan,Series A,2.99,3,20,5,10,4,0,0.2,2,0,2,operating
C1069,2017,7,AgriTech,Singapore,Series A,2.57,2,82,2,5,4,0,0.2,2,0,5,acquired
C1070,2021,3,Software,Sweden,Series A,2.95,2,33,3,3,2,0,1.1,1,0,1,operating
C1071,2007,17,Software,Canada,Series A,1.72,2,42,2,9,4,0,0.6,2,0,4,operating
C1072,2014,10,HealthTech,Canada,IPO,257.41,6,3580,11,10,11,1,4.7,2,0,5,operating
C1073,2019,5,FoodTech,Netherlands,Series C,71.0,4,405,7,2,6,0,3.4,2,0,5,operating
C1074,2011,13,AI/ML,France,Seed,0.39,1,1,0,12,3,0,0.0,1,0,5,operating
C1075,2000,24,Logistics,India,Seed,0.25,2,4,2,15,2,0,0.8,3,0,1,operating
C1076,2016,8,CleanTech,Germany,Seed,0.25,2,5,0,9,0,0,0.0,2,0,3,operating
C1077,2009,15,FoodTech,UK,Seed,1.45,2,6,4,8,5,0,0.8,2,0,2,operating
C1078,2004,20,E-Commerce,Australia,Series A,5.59,3,5,5,13,5,0,0.9,3,0,3,operating
C1079,2012,12,Gaming,Canada,Series A,3.47,2,24,6,11,6,1,0.5,3,0,4,operating
C1080,2017,7,FinTech,Singapore,Series A,13.37,2,52,3,7,4,0,0.7,3,0,3,acquired
C1081,2004,20,Media,Singapore,IPO,208.8,7,2977,14,12,13,0,4.3,3,0,2,operating
C1082,2006,18,Software,Brazil,Seed,1.18,2,8,0,10,0,0,0.3,1,0,3,operating
C1083,2006,18,HealthTech,Canada,Series C,49.29,4,177,6,12,5,0,2.6,2,0,3,operating
C1084,2008,16,HealthTech,France,Series A,1.9,3,28,3,11,5,0,1.0,2,1,1,operating
C1085,2003,21,Gaming,Netherlands,Seed,0.25,2,10,2,13,2,0,0.9,2,0,2,operating
C1086,2009,15,FoodTech,Israel,Series A,1.02,3,15,3,12,4,0,1.1,2,0,5,operating
C1087,2008,16,Media,China,Seed,0.98,1,4,2,11,2,0,0.5,2,0,2,closed
C1088,2005,19,FinTech,Canada,Seed,1.03,1,12,3,16,4,0,0.0,1,0,5,operating
C1089,2006,18,Biotech,Brazil,Series A,1.43,2,81,4,11,5,0,0.8,1,0,5,operating
C1090,2001,23,E-Commerce,Israel,Series D+,34.23,6,485,10,15,10,1,3.7,3,0,4,operating
C1091,2012,12,EdTech,India,Series B,6.69,4,189,5,11,7,0,1.4,2,0,4,operating
C1092,2004,20,HealthTech,France,Series C,51.3,4,427,10,15,8,0,1.9,2,0,3,operating
C1093,2012,12,Software,South Korea,Series C,202.17,4,121,6,8,6,0,2.4,2,0,2,operating
C1094,2008,16,Biotech,France,Series D+,70.63,5,277,8,13,9,1,3.5,2,0,1,operating
C1095,2005,19,FinTech,Germany,IPO,195.95,7,1507,12,16,10,1,4.7,2,0,4,operating
C1096,2008,16,Hardware,Israel,Series B,13.92,3,93,7,9,7,0,1.8,2,1,1,acquired
C1097,2013,11,AI/ML,UK,Series B,40.18,3,75,5,6,6,0,1.2,2,0,2,operating
C1098,2015,9,Logistics,USA,Seed,0.25,2,3,3,8,5,0,0.0,1,0,5,operating
C1099,2004,20,HealthTech,Israel,Series D+,88.59,5,203,12,16,9,1,3.4,2,1,4,operating
C1100,2002,22,FinTech,Brazil,Seed,0.86,2,1,2,16,4,0,0.0,2,0,2,operating
C1101,2012,12,HealthTech,Japan,Series C,16.76,4,100,8,7,7,0,4.2,1,0,2,operating
C1102,2020,4,Hardware,India,Series A,1.52,3,42,4,2,4,0,1.9,3,0,4,operating
C1103,2005,19,HealthTech,USA,Series A,3.53,3,64,6,16,4,0,0.1,3,0,2,operating
C1104,2002,22,Hardware,France,Series B,14.88,4,105,4,15,5,0,1.9,1,1,3,operating
C1105,2019,5,HealthTech,Brazil,Series D+,369.08,5,911,12,6,10,0,3.9,2,1,2,operating
C1106,2005,19,Hardware,Israel,Series C,151.55,5,206,8,13,9,0,2.0,3,0,4,operating
C1107,2015,9,Software,India,IPO,101.13,6,863,11,6,8,0,4.7,1,0,3,operating
C1108,2019,5,Media,Australia,Series B,20.01,4,67,4,1,5,1,2.3,2,0,2,operating
C1109,2008,16,Hardware,India,Series B,17.2,4,30,5,11,7,0,2.8,2,0,4,operating
C1110,2009,15,SaaS,Japan,Seed,0.24,2,3,4,13,3,0,0.1,2,0,1,operating
C1111,2019,5,Media,Netherlands,Series A,7.04,3,80,2,1,1,0,1.5,3,0,3,operating
C1112,2003,21,AI/ML,UK,Series B,2.78,4,20,7,16,5,0,1.9,3,1,3,operating
C1113,2003,21,FinTech,Israel,Series B,42.12,4,95,5,18,5,0,1.3,2,0,2,operating
C1114,2013,11,CleanTech,USA,IPO,87.22,6,811,11,11,11,1,4.6,3,0,2,operating
C1115,2011,13,EdTech,India,Series B,3.44,4,57,8,13,7,1,2.9,2,0,2,operating
C1116,2010,14,Media,Singapore,Series A,2.54,3,29,6,11,4,0,1.2,2,0,4,acquired
C1117,2011,13,Software,Singapore,Series D+,111.44,6,842,11,7,11,0,3.9,2,0,3,operating
C1118,2013,11,Logistics,Singapore,IPO,1070.6,7,1820,12,5,10,0,4.9,1,0,1,operating
C1119,2007,17,AgriTech,Brazil,IPO,607.87,6,765,10,13,11,1,3.1,2,0,4,operating
C1120,2008,16,FinTech,Canada,Series C,30.98,4,352,6,14,4,0,2.2,3,0,2,operating
C1121,2004,20,FinTech,Brazil,IPO,657.74,7,2212,13,18,10,0,4.9,2,0,1,operating
C1122,2016,8,EdTech,India,Series B,26.63,3,48,4,9,5,0,2.3,2,0,5,operating
C1123,2004,20,E-Commerce,Israel,Series A,7.08,2,16,4,16,5,0,0.7,2,0,5,operating
C1124,2014,10,FoodTech,Israel,Series C,35.82,5,455,10,10,8,0,3.0,1,0,5,operating
C1125,2012,12,Gaming,Japan,Series D+,100.81,6,391,10,6,9,1,3.2,1,0,5,operating
C1126,2021,3,E-Commerce,France,Seed,0.26,1,15,3,5,4,0,0.0,2,0,2,closed
C1127,2000,24,Gaming,Germany,Seed,0.97,1,3,3,19,3,0,0.4,1,0,4,operating
C1128,2021,3,EdTech,Israel,Seed,0.16,1,14,1,0,2,0,0.0,1,1,5,operating
C1129,2011,13,Gaming,Israel,Series D+,40.57,5,343,11,7,9,0,3.6,2,0,2,operating
C1130,2019,5,HealthTech,UK,Seed,0.19,1,2,4,2,3,0,0.0,2,0,2,closed
C1131,2004,20,Gaming,Netherlands,Series A,2.14,3,30,4,15,5,0,1.4,1,0,4,operating
C1132,2021,3,FinTech,France,Series B,20.42,3,62,8,1,7,0,1.7,2,0,3,operating
C1133,2017,7,Logistics,USA,Series A,2.78,3,31,2,8,3,0,0.0,1,0,3,operating
C1134,2000,24,Logistics,Australia,Series B,24.79,3,44,8,17,6,0,2.4,3,0,5,operating
C1135,2019,5,FinTech,France,Series A,2.01,3,40,6,7,7,0,0.7,3,0,4,acquired
C1136,2016,8,Media,Brazil,Series B,6.84,3,130,6,6,4,0,2.1,1,1,5,operating
C1137,2014,10,CleanTech,Japan,Series B,7.3,4,38,5,10,5,1,1.9,3,0,2,operating
C1138,2005,19,Gaming,UK,Seed,0.1,2,2,2,12,2,0,0.0,1,0,3,closed
C1139,2006,18,CleanTech,Netherlands,Series A,6.99,2,23,6,14,7,0,0.0,1,1,1,operating
C1140,2014,10,FinTech,India,Series A,2.86,2,47,2,6,1,0,1.2,2,0,5,operating
C1141,2015,9,HealthTech,Japan,Series B,19.78,4,178,6,9,5,0,2.4,2,0,4,operating
C1142,2006,18,HealthTech,South Korea,Seed,0.55,2,1,0,16,0,0,0.0,1,0,5,acquired
C1143,2008,16,Hardware,Israel,Seed,0.15,1,5,2,12,4,1,0.0,3,0,3,operating
C1144,2000,24,Logistics,Canada,Series D+,86.75,6,594,10,19,8,0,3.6,2,0,2,operating
C1145,2016,8,EdTech,Canada,Series A,2.19,2,29,2,7,3,0,2.1,2,0,5,operating
C1146,2000,24,SaaS,China,Series A,5.04,2,49,4,15,5,0,0.6,2,0,1,operating
C1147,2002,22,Gaming,Germany,Series B,5.89,3,58,5,15,7,0,1.4,1,0,1,operating
C1148,2016,8,SaaS,Israel,Series D+,88.72,6,170,8,8,8,1,3.5,3,1,4,operating
C1149,2014,10,AI/ML,Canada,Series B,61.75,3,60,4,10,6,0,1.5,3,0,5,operating
C1150,2020,4,CleanTech,Australia,Series D+,853.15,6,671,10,0,11,1,3.3,3,0,3,operating
C1151,2001,23,CleanTech,India,Series D+,63.69,6,1095,10,14,9,0,3.9,2,0,2,operating
C1152,2006,18,Biotech,Israel,IPO,181.88,7,1708,13,10,10,1,4.8,2,0,2,operating
C1153,2009,15,Biotech,Japan,Seed,0.19,2,3,0,9,2,0,0.8,1,0,4,operating
C1154,2014,10,CleanTech,Netherlands,Series A,4.74,2,24,2,6,3,0,0.5,2,0,2,operating
C1155,2004,20,Hardware,South Korea,Series C,108.59,5,187,6,15,7,1,3.1,3,0,5,operating
C1156,2009,15,Logistics,South Korea,Series C,99.06,4,1128,10,10,11,0,2.8,3,1,1,operating
C1157,2012,12,Media,China,Series C,17.0,5,261,10,12,11,0,2.7,2,1,5,operating
C1158,2006,18,Software,Canada,Series C,84.64,5,134,6,14,5,0,3.0,1,0,3,operating
C1159,2009,15,FoodTech,UK,Series A,2.43,2,32,2,14,2,0,2.2,2,0,3,operating
C1160,2011,13,Software,Japan,Series B,6.02,3,169,5,13,6,1,1.8,2,0,4,operating
C1161,2008,16,FoodTech,Japan,IPO,460.8,6,1427,11,14,10,0,4.8,2,0,3,operating
C1162,2015,9,Software,Canada,Series A,1.59,3,66,6,7,7,0,0.9,1,1,2,operating
C1163,2014,10,FinTech,Brazil,Seed,0.92,2,5,0,5,2,0,0.0,3,0,4,acquired
C1164,2014,10,Hardware,Japan,Series B,24.58,4,114,4,10,3,0,1.8,3,0,1,operating
C1165,2009,15,Software,Australia,Seed,0.76,2,4,1,9,3,0,0.9,1,0,4,operating
C1166,2002,22,Media,India,IPO,225.08,6,1873,10,19,10,0,4.8,2,0,5,operating
C1167,2006,18,Gaming,India,Seed,0.56,2,20,0,13,3,0,0.0,3,0,5,operating
C1168,2012,12,Media,Sweden,Series A,1.76,2,22,6,9,7,0,0.9,2,0,3,acquired
C1169,2001,23,Media,Brazil,Series B,20.55,3,73,5,16,6,1,2.1,2,0,2,operating
C1170,2008,16,CleanTech,Japan,Seed,0.6,1,4,4,15,4,1,0.0,1,1,1,acquired
C1171,2006,18,AI/ML,Sweden,Series D+,138.7,5,1490,8,11,9,0,3.2,2,0,3,operating
C1172,2001,23,Logistics,Brazil,Series B,4.01,4,90,6,16,4,1,1.8,2,1,1,operating
C1173,2013,11,Logistics,Sweden,Seed,0.89,2,7,3,6,3,0,0.0,3,0,1,closed
C1174,2020,4,Biotech,France,Seed,0.54,2,8,3,1,4,0,1.2,2,1,4,acquired
C1175,2020,4,AgriTech,Brazil,Series C,76.01,5,141,8,0,6,0,3.9,2,0,4,operating
C1176,2003,21,CleanTech,France,Series A,6.09,3,39,5,17,5,1,1.5,2,0,2,operating
C1177,2010,14,AI/ML,Japan,Series C,138.33,4,246,7,7,6,0,3.0,1,0,5,operating
C1178,2021,3,Software,USA,Series A,4.92,3,11,5,0,7,0,0.9,3,0,5,operating
C1179,2011,13,Software,Netherlands,Seed,0.48,1,11,0,11,3,0,0.0,2,0,1,closed
C1180,2011,13,Logistics,Germany,Seed,1.06,2,3,0,12,0,0,0.7,2,0,4,operating
C1181,2012,12,Gaming,China,Seed,0.38,1,6,0,7,1,0,1.1,2,0,4,closed
C1182,2010,14,CleanTech,South Korea,Series A,1.44,3,94,4,10,6,1,0.0,2,0,5,operating
C1183,2002,22,Hardware,Netherlands,Seed,0.23,2,7,0,16,3,0,0.0,2,0,5,operating
C1184,2006,18,CleanTech,Netherlands,Seed,1.39,1,7,4,14,4,0,0.1,2,0,3,acquired
C1185,2005,19,Software,China,Seed,0.43,2,7,2,12,4,0,0.5,2,0,1,closed
C1186,2018,6,FinTech,Brazil,IPO,145.84,6,1881,11,7,11,1,4.6,2,0,5,operating
C1187,2018,6,Logistics,India,Series B,6.29,4,192,5,4,5,0,1.7,1,0,3,operating
C1188,2020,4,E-Commerce,Israel,Seed,0.19,1,2,4,5,4,0,0.1,2,0,1,closed
C1189,2021,3,Gaming,UK,Series A,0.33,3,56,3,0,2,0,0.5,1,0,2,operating
C1190,2011,13,AI/ML,Japan,Series B,13.6,4,124,8,9,7,0,1.9,1,0,5,operating
C1191,2014,10,Media,USA,Seed,0.51,2,3,1,6,0,0,0.0,2,0,3,closed
C1192,2001,23,Gaming,UK,Seed,0.21,2,4,1,16,0,1,0.4,2,0,3,operating
C1193,2014,10,Biotech,France,Series B,10.6,3,58,6,8,6,0,1.5,2,1,5,operating
C1194,2008,16,SaaS,Brazil,Series A,1.08,2,9,5,14,7,0,0.2,3,0,2,operating
C1195,2017,7,FoodTech,Brazil,Seed,0.45,1,9,4,5,5,0,0.7,2,0,2,operating
C1196,2010,14,Hardware,South Korea,Seed,0.62,1,1,3,10,4,0,0.7,2,1,3,operating
C1197,2010,14,Logistics,Australia,Seed,0.57,1,6,0,7,3,0,0.0,2,0,4,operating
C1198,2004,20,FoodTech,Sweden,Series A,4.91,2,48,2,13,4,0,0.4,2,0,2,acquired
C1199,2004,20,FinTech,Brazil,Series A,0.7,3,5,3,16,5,0,0.9,2,1,3,operating
C1200,2001,23,Gaming,South Korea,Seed,0.25,1,2,1,17,2,0,0.0,1,1,2,operating
C1201,2021,3,Gaming,France,Seed,0.19,1,5,0,2,3,0,0.3,2,0,2,operating
C1202,2020,4,Gaming,UK,Series A,2.27,3,12,5,5,7,0,1.3,2,0,3,acquired
C1203,2015,9,Gaming,Brazil,Seed,0.2,1,3,0,7,1,0,0.2,2,0,2,operating
C1204,2018,6,Biotech,Japan,Series C,41.54,5,59,6,6,7,1,2.8,2,0,3,operating
C1205,2019,5,Media,Japan,Series C,71.88,4,331,6,2,7,1,2.5,1,0,1,operating
C1206,2019,5,CleanTech,South Korea,Series B,9.85,4,54,4,5,3,0,1.7,1,0,1,operating
C1207,2007,17,FinTech,Australia,Series A,2.45,3,28,6,10,7,0,0.1,1,0,5,operating
C1208,2021,3,Logistics,China,Series B,15.18,4,117,5,0,4,0,2.5,3,0,4,operating
C1209,2003,21,CleanTech,France,Series A,0.37,3,86,4,14,4,0,0.7,2,0,4,operating
C1210,2015,9,Gaming,Israel,Series D+,98.24,6,267,12,8,12,0,4.0,2,0,2,operating
C1211,2019,5,Biotech,Netherlands,Series C,47.09,4,90,8,2,8,0,3.8,2,0,1,operating
C1212,2007,17,FoodTech,Germany,Seed,0.49,1,1,2,13,2,0,0.0,3,0,2,operating
C1213,2012,12,Biotech,Sweden,Series D+,71.07,6,231,10,9,8,0,3.0,3,1,3,operating
C1214,2017,7,AI/ML,Singapore,Series D+,61.66,6,590,11,3,9,1,2.8,3,0,5,operating
C1215,2019,5,Logistics,Canada,Seed,0.31,2,6,4,2,3,0,0.6,3,0,3,closed
C1216,2017,7,Software,South Korea,Series C,71.16,4,118,9,4,7,0,3.4,2,1,3,operating
C1217,2005,19,Logistics,Canada,Series B,12.91,4,62,8,15,7,0,2.9,2,0,5,operating
C1218,2005,19,AgriTech,South Korea,Series B,13.22,4,23,5,13,7,1,2.0,1,0,5,operating
C1219,2011,13,Biotech,India,Seed,0.8,2,2,1,7,0,0,0.0,1,0,1,operating
C1220,2020,4,AgriTech,Singapore,Series A,7.26,3,147,2,1,1,0,1.3,2,0,3,operating
C1221,2002,22,HealthTech,Australia,Series A,4.37,3,45,3,19,5,0,0.9,1,1,1,operating
C1222,2013,11,Hardware,South Korea,Series A,2.88,2,16,4,5,3,0,0.9,1,0,5,operating
C1223,2007,17,CleanTech,UK,Series B,5.03,4,102,4,11,4,0,0.9,3,0,2,operating
C1224,2015,9,Biotech,Japan,Series A,3.48,2,19,6,10,4,0,1.0,2,0,1,operating
C1225,2013,11,AgriTech,Singapore,Series A,9.6,3,26,5,8,7,0,1.2,1,1,1,operating
C1226,2016,8,AI/ML,Netherlands,Seed,1.04,2,3,4,7,4,0,0.0,3,0,1,closed
C1227,2012,12,FinTech,India,Series C,85.81,5,71,8,11,9,0,3.3,3,0,3,operating
C1228,2019,5,Hardware,Sweden,IPO,524.82,6,2048,12,2,9,0,4.6,2,1,5,operating
C1229,2011,13,FinTech,Canada,Seed,0.16,1,7,4,10,4,0,0.0,2,0,3,closed
C1230,2009,15,AgriTech,Australia,Series B,11.89,3,42,5,13,5,1,2.3,3,0,5,operating
C1231,2014,10,E-Commerce,China,Seed,1.95,2,3,0,10,0,0,0.4,2,1,1,closed
C1232,2006,18,FinTech,USA,Series A,1.11,2,37,5,14,5,0,0.2,2,0,5,operating
C1233,2017,7,Gaming,India,Series B,36.48,3,182,4,8,6,0,1.9,1,0,4,acquired
C1234,2018,6,AI/ML,Brazil,IPO,446.49,7,859,14,6,11,0,4.2,3,0,4,operating
C1235,2002,22,HealthTech,Australia,Seed,0.3,1,4,4,18,6,0,0.0,3,0,1,operating
C1236,2014,10,Media,Japan,Series B,16.49,4,47,8,6,7,0,1.5,2,0,3,operating
C1237,2020,4,HealthTech,India,IPO,119.19,6,470,10,1,8,1,4.5,3,1,4,operating
C1238,2017,7,CleanTech,Singapore,Series C,60.05,5,162,6,4,4,0,2.3,2,0,1,operating
C1239,2009,15,Logistics,Brazil,Series C,58.27,5,49,8,8,9,0,3.0,3,0,5,operating
C1240,2010,14,Hardware,China,Series B,3.98,3,47,4,11,5,1,1.8,3,0,4,operating
C1241,2016,8,SaaS,Singapore,Series A,1.41,2,16,2,6,4,0,0.7,2,1,3,operating
C1242,2016,8,AgriTech,Canada,Series C,15.06,5,223,6,3,6,0,2.6,1,0,1,operating
C1243,2005,19,FinTech,Sweden,Seed,0.35,1,3,2,13,3,0,0.4,3,0,2,operating
C1244,2018,6,CleanTech,China,Series B,9.33,3,115,8,7,6,0,2.1,3,0,5,operating
C1245,2016,8,FinTech,Netherlands,Series A,2.09,3,36,3,5,4,0,1.8,2,0,1,operating
C1246,2019,5,Media,Japan,IPO,1107.79,6,1236,11,1,11,0,4.2,3,0,4,operating
C1247,2011,13,AgriTech,Germany,Series C,44.46,5,330,9,11,8,1,3.6,1,0,2,operating
C1248,2007,17,E-Commerce,India,Series D+,239.48,5,856,10,12,8,0,3.2,3,0,2,operating
C1249,2010,14,FinTech,USA,Series A,2.91,3,19,6,10,6,0,0.0,1,0,5,acquired
C1250,2011,13,CleanTech,Israel,Series A,8.46,2,106,6,11,7,0,0.4,1,0,4,operating
C1251,2000,24,Gaming,Israel,Series A,2.64,2,11,3,16,3,0,0.7,2,0,1,operating
C1252,2020,4,CleanTech,Canada,Series C,13.03,5,434,9,0,9,0,3.6,2,0,1,operating
C1253,2007,17,AgriTech,China,Series C,50.47,5,174,9,13,7,0,3.1,3,0,3,operating
C1254,2012,12,FoodTech,Israel,Series D+,61.29,5,345,8,6,6,0,3.3,3,0,5,operating
C1255,2003,21,FoodTech,India,Series A,2.68,3,29,4,15,6,1,1.8,2,0,2,operating
C1256,2015,9,FinTech,Singapore,Series C,43.59,4,197,10,4,8,0,3.4,1,0,3,operating
C1257,2012,12,FoodTech,South Korea,Seed,0.37,2,2,4,8,3,0,0.0,1,0,4,operating
C1258,2009,15,Biotech,Germany,Series C,26.35,4,148,6,13,5,1,2.2,2,0,4,operating
C1259,2012,12,EdTech,China,Series C,65.42,4,299,10,11,11,0,2.4,3,0,1,operating
C1260,2001,23,Gaming,South Korea,Series A,0.77,2,49,6,19,5,0,0.5,2,1,3,operating
C1261,2003,21,SaaS,Japan,Series B,8.29,3,128,5,17,4,0,2.6,2,0,1,operating
C1262,2004,20,AgriTech,South Korea,Series B,18.74,4,158,5,18,5,0,1.7,2,0,3,operating
C1263,2008,16,Media,UK,Series B,21.42,4,47,5,12,4,0,1.7,3,0,3,operating
C1264,2016,8,FinTech,Netherlands,Series B,9.32,4,47,8,8,7,1,2.2,1,0,2,operating
C1265,2001,23,Logistics,Sweden,Series A,2.32,2,72,3,20,3,0,0.2,3,0,4,operating
C1266,2020,4,FoodTech,Singapore,Series B,8.67,3,55,7,4,5,1,2.1,1,1,4,operating
C1267,2020,4,SaaS,Singapore,Series A,8.17,2,30,4,0,5,0,1.1,3,0,1,closed
C1268,2008,16,Media,Israel,Seed,0.78,2,3,2,9,3,0,0.0,2,0,4,operating
C1269,2012,12,AgriTech,South Korea,Series A,2.5,2,86,2,10,4,1,1.1,3,0,1,operating
C1270,2009,15,FinTech,Brazil,Seed,0.1,2,4,1,14,1,0,0.0,2,1,3,operating
C1271,2021,3,EdTech,Brazil,Seed,0.24,1,8,2,5,2,0,0.9,1,1,1,closed
C1272,2001,23,FinTech,Brazil,Seed,0.5,2,11,0,17,2,0,0.0,2,0,4,operating
C1273,2016,8,SaaS,Germany,Series D+,178.5,6,374,8,3,7,1,4.4,1,0,5,operating
C1274,2019,5,EdTech,Brazil,Series A,4.47,2,41,2,5,1,0,0.7,1,0,4,acquired
C1275,2014,10,FinTech,Australia,Series A,1.01,2,21,3,10,3,0,0.7,3,0,3,acquired
C1276,2019,5,Biotech,Brazil,Series C,20.15,4,241,8,5,7,0,2.3,3,0,5,operating
C1277,2015,9,HealthTech,Singapore,Series C,104.16,5,84,6,7,6,0,2.4,1,1,4,operating
C1278,2017,7,EdTech,South Korea,Series A,3.1,2,93,6,3,7,1,0.4,3,0,1,operating
C1279,2016,8,AI/ML,USA,Series B,6.6,3,84,7,7,5,0,1.6,3,0,4,operating
C1280,2000,24,Logistics,Singapore,Series C,203.3,4,111,6,17,6,0,2.9,1,1,2,operating
C1281,2014,10,HealthTech,USA,Series A,2.78,3,75,4,7,6,0,1.2,1,0,1,operating
C1282,2006,18,Software,China,Series B,7.96,4,51,6,15,5,0,1.9,2,0,3,operating
C1283,2012,12,CleanTech,Japan,Series B,22.04,4,127,4,8,5,0,2.2,2,1,5,operating
C1284,2012,12,FoodTech,Japan,Seed,0.4,1,1,0,10,2,0,0.5,2,0,4,acquired
C1285,2019,5,Biotech,Israel,Series A,1.8,2,22,5,3,7,0,1.1,2,1,5,operating
C1286,2002,22,Gaming,India,Series A,1.94,3,14,5,13,6,0,0.8,2,0,3,operating
C1287,2001,23,E-Commerce,Australia,Series B,6.23,4,47,8,18,9,1,1.8,2,0,3,operating
C1288,2011,13,AI/ML,Singapore,Series C,34.55,5,168,7,13,7,0,3.1,2,0,3,operating
C1289,2013,11,FinTech,Brazil,Series B,8.62,4,80,6,6,5,0,1.0,2,1,1,operating
C1290,2012,12,AgriTech,Canada,IPO,484.55,7,2228,12,9,12,0,4.7,1,0,4,operating
C1291,2010,14,Biotech,India,Series B,20.78,4,26,6,8,6,0,1.6,2,0,3,operating
C1292,2012,12,HealthTech,UK,Series C,88.27,4,178,10,6,9,0,2.8,1,1,5,operating
C1293,2006,18,HealthTech,Netherlands,Series A,1.96,3,41,4,11,3,0,0.7,3,1,3,operating
C1294,2008,16,AI/ML,Japan,Seed,0.36,1,3,0,11,3,0,0.0,2,0,4,operating
C1295,2016,8,Biotech,Germany,Series A,2.4,3,45,6,3,5,0,1.5,3,1,3,acquired
C1296,2009,15,FoodTech,China,Seed,0.11,2,6,3,14,2,0,0.0,2,0,5,operating
C1297,2021,3,Software,India,Series A,1.73,3,13,6,3,6,0,0.5,3,0,2,operating
C1298,2008,16,E-Commerce,Singapore,Seed,0.36,1,2,0,12,2,0,0.5,1,0,2,closed
C1299,2017,7,Biotech,Singapore,Series D+,294.99,6,514,9,8,8,1,3.8,3,0,4,operating
C1300,2021,3,FoodTech,Australia,Seed,0.27,2,3,0,1,3,0,0.0,3,0,5,closed
C1301,2016,8,SaaS,Brazil,Series D+,211.64,5,597,10,7,8,1,3.0,3,1,2,operating
C1302,2010,14,AgriTech,Israel,IPO,337.08,6,2727,10,8,8,0,4.5,2,0,3,operating
C1303,2009,15,AI/ML,USA,Series A,6.46,2,18,4,10,6,0,0.1,2,1,1,acquired
C1304,2003,21,CleanTech,India,Series C,36.51,5,118,7,18,5,0,1.7,1,0,2,operating
C1305,2017,7,Biotech,Canada,Seed,0.72,1,5,1,8,1,0,0.0,1,0,2,closed
C1306,2009,15,HealthTech,Singapore,Series B,25.04,4,38,5,10,7,1,0.7,2,0,5,operating
C1307,2002,22,Software,Singapore,IPO,453.89,7,1087,14,19,12,0,4.7,2,0,3,operating
C1308,2012,12,Media,Brazil,Series A,2.17,3,17,5,12,6,0,0.2,2,0,2,operating
C1309,2004,20,SaaS,South Korea,Seed,0.07,2,6,2,12,3,0,0.3,3,0,1,operating
C1310,2005,19,Software,Japan,Series A,3.99,2,66,3,12,3,1,1.1,2,0,2,operating
C1311,2014,10,Biotech,Brazil,Series A,3.54,2,39,6,9,5,0,0.2,2,0,3,operating
C1312,2021,3,E-Commerce,Singapore,Series B,5.99,4,142,7,3,7,0,1.6,2,0,5,operating
C1313,2012,12,AgriTech,India,Seed,0.22,1,4,4,7,6,0,0.0,3,0,2,operating
C1314,2002,22,Logistics,USA,Seed,0.3,1,8,2,17,4,0,0.0,1,0,2,closed
C1315,2015,9,Logistics,Australia,Seed,0.65,2,5,3,6,2,0,0.0,2,0,3,closed
C1316,2012,12,AgriTech,Israel,Series A,3.84,3,71,2,10,4,0,0.4,2,0,5,acquired
C1317,2020,4,Gaming,South Korea,Series A,1.43,2,19,6,2,5,0,1.0,2,1,2,operating
C1318,2021,3,Gaming,Japan,Series C,36.84,5,349,9,3,8,1,2.5,1,0,2,operating
C1319,2015,9,CleanTech,Sweden,Series A,3.81,3,27,2,8,4,0,1.7,1,0,2,acquired
C1320,2005,19,FinTech,South Korea,Series D+,191.24,5,795,10,13,8,1,3.8,2,0,4,operating
C1321,2015,9,E-Commerce,Sweden,Series A,2.01,2,60,5,7,6,0,0.9,1,0,4,operating
C1322,2007,17,Logistics,Australia,Series C,10.51,5,268,10,10,10,0,3.0,2,0,5,operating
C1323,2003,21,SaaS,USA,Series A,4.2,2,11,3,16,5,0,0.2,1,0,2,operating
C1324,2000,24,Software,Japan,Series A,4.32,2,24,4,17,5,0,1.5,2,0,2,operating
C1325,2010,14,Media,Sweden,Seed,0.28,1,5,0,7,1,0,0.0,3,0,1,closed
C1326,2009,15,FoodTech,Germany,Series B,22.53,3,45,8,10,9,1,2.0,3,0,2,operating
C1327,2007,17,FinTech,China,Series C,49.68,5,435,6,11,4,0,3.1,2,0,2,operating
C1328,2002,22,AgriTech,Australia,IPO,1582.18,7,659,14,16,12,1,5.0,3,0,4,operating
C1329,2005,19,AgriTech,UK,Series C,16.26,4,310,8,14,6,0,3.4,1,0,2,operating
C1330,2005,19,Logistics,Brazil,IPO,166.71,6,1103,10,14,11,1,4.1,1,0,5,operating
C1331,2006,18,Gaming,France,Series D+,258.92,6,397,10,13,10,1,3.5,3,0,4,operating
C1332,2011,13,Gaming,Sweden,Series B,25.81,4,32,4,10,4,0,2.3,2,1,3,operating
C1333,2019,5,FoodTech,Singapore,Series B,14.48,3,262,7,1,8,0,1.7,1,0,1,acquired
C1334,2020,4,AgriTech,UK,Series C,12.2,4,69,10,0,11,0,3.0,1,0,4,operating
C1335,2014,10,Software,Singapore,Series B,17.05,4,65,8,5,9,0,1.8,3,1,1,operating
C1336,2000,24,Hardware,Singapore,Series B,4.22,4,27,4,19,6,0,2.6,3,0,3,operating
C1337,2009,15,CleanTech,China,Series C,46.65,5,396,9,10,9,1,2.0,3,0,5,operating
C1338,2008,16,Software,Israel,Series D+,218.76,5,561,8,15,7,0,4.1,2,0,5,operating
C1339,2006,18,CleanTech,Israel,Series A,2.84,2,11,3,11,5,0,1.2,1,0,1,acquired
C1340,2001,23,FoodTech,South Korea,Seed,0.55,2,7,3,15,5,0,0.0,1,0,4,operating
C1341,2007,17,E-Commerce,Australia,Series B,16.18,3,187,8,14,9,0,1.8,2,0,4,operating
C1342,2007,17,AI/ML,Singapore,Seed,1.03,1,6,0,10,3,0,0.0,2,0,1,operating
C1343,2007,17,AgriTech,USA,Series A,0.58,3,26,6,13,5,0,1.2,2,0,5,acquired
C1344,2016,8,EdTech,Sweden,Series D+,250.52,5,533,11,8,11,0,3.6,2,0,1,operating
C1345,2014,10,Logistics,USA,Series B,9.06,3,55,4,11,3,0,1.8,2,0,4,operating
C1346,2014,10,FoodTech,Germany,Series D+,45.53,5,530,9,5,8,0,2.6,2,0,1,operating
C1347,2012,12,SaaS,China,Series A,2.16,3,16,3,8,4,0,0.7,3,0,2,operating
C1348,2000,24,EdTech,France,IPO,228.2,6,879,14,18,11,1,4.3,1,0,4,operating
C1349,2004,20,E-Commerce,India,IPO,310.0,6,675,11,12,9,0,4.1,1,0,2,operating
C1350,2002,22,Logistics,Netherlands,IPO,126.67,7,3630,11,13,9,0,4.7,2,0,2,operating
C1351,2015,9,AI/ML,Singapore,Series B,5.22,4,104,8,5,8,1,2.2,1,1,4,operating
C1352,2014,10,EdTech,South Korea,Series C,27.74,4,236,8,9,8,1,3.7,1,1,2,operating
C1353,2009,15,Logistics,Brazil,Seed,1.31,1,3,4,11,3,0,0.0,2,0,4,operating
C1354,2001,23,AgriTech,USA,Series D+,113.6,5,1076,9,20,10,0,3.4,3,0,4,operating
C1355,2009,15,FinTech,Netherlands,Seed,0.54,2,4,2,14,4,0,0.0,3,0,3,operating
C1356,2008,16,CleanTech,Australia,Series A,5.01,2,48,5,13,7,0,0.8,2,0,3,operating
C1357,2001,23,Logistics,China,IPO,142.81,6,777,11,15,11,1,4.2,2,0,3,operating
C1358,2014,10,E-Commerce,Sweden,Series A,8.28,3,33,2,11,3,0,0.0,2,0,2,closed
C1359,2001,23,CleanTech,Israel,Series A,5.57,2,7,5,15,7,0,0.7,2,0,5,operating
C1360,2021,3,Gaming,Canada,Series A,5.73,2,19,6,6,5,0,1.7,2,1,2,acquired
C1361,2021,3,Biotech,Germany,Seed,0.2,1,2,1,3,0,0,0.1,2,0,2,closed
C1362,2002,22,Gaming,Australia,Series C,26.16,5,180,6,18,4,0,2.3,2,0,2,operating
C1363,2018,6,FoodTech,Israel,Series A,3.64,3,83,3,2,3,0,1.1,2,0,4,operating
C1364,2019,5,AgriTech,South Korea,Series C,14.93,4,50,7,5,6,0,2.7,2,0,4,operating
C1365,2010,14,Hardware,Singapore,Seed,0.66,1,10,0,7,3,0,0.0,2,0,1,closed
C1366,2012,12,AI/ML,USA,Series A,0.52,3,73,5,7,6,1,0.6,2,0,1,operating
C1367,2002,22,Gaming,Netherlands,Series A,0.71,2,14,6,19,6,0,0.1,1,0,2,operating
C1368,2001,23,Logistics,Singapore,Seed,1.31,1,8,1,16,0,0,0.0,2,0,1,operating
C1369,2006,18,CleanTech,Australia,Series C,32.43,5,167,7,12,7,0,2.3,3,0,4,operating
C1370,2016,8,SaaS,USA,Series B,21.21,4,51,4,8,5,0,1.1,3,0,5,operating
C1371,2018,6,Hardware,Israel,Seed,0.3,2,7,4,7,3,0,0.0,2,0,3,acquired
C1372,2003,21,FoodTech,Netherlands,Series B,8.26,4,127,6,16,5,1,0.6,1,0,3,operating
C1373,2012,12,E-Commerce,India,Series C,54.23,4,317,8,7,6,1,2.0,1,0,3,operating
C1374,2008,16,FoodTech,USA,Seed,0.8,2,8,3,15,3,0,0.4,2,0,4,acquired
C1375,2006,18,Hardware,Sweden,Seed,0.21,1,1,1,13,2,0,0.0,1,1,1,acquired
C1376,2016,8,E-Commerce,Sweden,Series A,3.65,2,21,6,9,5,1,1.1,3,0,5,operating
C1377,2020,4,FoodTech,China,Series A,2.13,3,22,2,3,3,0,0.1,1,0,3,acquired
C1378,2008,16,Logistics,UK,Series A,1.17,2,16,3,12,5,0,1.4,3,1,4,acquired
C1379,2004,20,AgriTech,China,Series C,69.89,5,118,8,15,7,0,2.7,2,0,3,operating
C1380,2015,9,E-Commerce,Japan,Series A,0.75,3,29,5,10,4,0,1.2,2,0,1,acquired
C1381,2012,12,Software,Japan,Series A,30.42,3,30,5,10,5,1,0.5,2,0,3,operating
C1382,2002,22,Gaming,India,Series B,15.61,3,108,7,14,5,1,1.4,2,0,4,operating
C1383,2008,16,Biotech,South Korea,Series B,11.26,3,115,7,9,5,0,1.8,3,0,3,operating
C1384,2013,11,Media,Australia,Series A,3.8,3,15,6,9,6,0,1.8,3,1,5,operating
C1385,2001,23,Software,Brazil,Seed,0.3,2,3,0,20,3,0,0.1,3,0,3,operating
C1386,2008,16,HealthTech,Japan,Seed,0.32,1,4,1,13,0,0,0.4,1,0,4,operating
C1387,2001,23,Logistics,Canada,Seed,0.92,1,5,0,14,2,0,0.0,3,0,3,operating
C1388,2019,5,SaaS,China,Series C,61.94,5,116,7,7,8,1,2.6,3,0,4,operating
C1389,2010,14,Logistics,Australia,Seed,1.54,1,4,2,10,2,0,0.7,2,0,1,acquired
C1390,2005,19,AI/ML,France,Seed,0.14,2,5,4,17,4,0,0.5,3,0,3,operating
C1391,2000,24,Software,UK,Seed,0.18,2,2,3,15,3,0,0.2,2,0,5,operating
C1392,2019,5,CleanTech,Australia,Series B,8.83,4,23,6,2,7,0,1.7,2,0,1,operating
C1393,2018,6,AI/ML,Israel,Seed,0.28,1,8,0,2,1,0,0.3,2,0,1,operating
C1394,2002,22,Biotech,Japan,Series B,19.97,3,88,5,13,6,0,2.1,2,1,3,operating
C1395,2017,7,HealthTech,China,Series B,22.49,3,35,4,6,6,0,1.4,1,0,5,operating
C1396,2017,7,FoodTech,Brazil,Series B,8.65,4,84,6,3,5,0,1.0,1,0,1,acquired
C1397,2006,18,EdTech,France,Series B,31.84,4,163,6,11,5,0,1.8,2,0,3,operating
C1398,2014,10,SaaS,USA,Series B,5.01,3,101,8,8,7,0,2.3,2,0,2,operating
C1399,2020,4,FinTech,Australia,Seed,0.5,2,9,3,3,5,0,0.0,3,0,1,operating
C1400,2018,6,AgriTech,Netherlands,Series A,3.5,3,30,6,5,6,0,0.7,2,0,5,operating
C1401,2018,6,CleanTech,China,Seed,0.2,2,3,3,2,5,0,0.3,2,0,2,operating
C1402,2013,11,SaaS,Australia,Series D+,35.37,5,853,9,9,8,1,4.0,1,0,4,operating
C1403,2010,14,AgriTech,China,Series A,3.15,2,22,3,9,2,0,0.6,3,0,3,operating
C1404,2004,20,FinTech,Israel,Series D+,34.29,6,354,10,18,8,0,3.4,3,0,1,operating
C1405,2017,7,Gaming,Germany,Series A,0.48,2,25,4,8,6,0,0.5,2,0,1,operating
C1406,2005,19,FoodTech,Brazil,Series A,2.77,3,10,2,16,2,0,1.4,3,0,3,operating
C1407,2020,4,Biotech,USA,Series C,41.68,4,147,7,1,8,0,1.7,1,0,3,operating
C1408,2019,5,FoodTech,Brazil,Seed,0.15,2,6,1,1,0,0,0.0,1,0,5,operating
C1409,2019,5,Media,Germany,Series C,36.81,5,230,9,6,9,0,2.1,1,0,5,operating
C1410,2005,19,AI/ML,Germany,Series A,3.12,3,53,4,14,6,0,0.2,3,0,1,operating
C1411,2002,22,Media,China,Series A,1.3,3,22,5,15,4,0,0.5,3,0,2,operating
C1412,2015,9,FinTech,South Korea,Series A,1.07,2,51,5,9,4,0,1.5,1,0,5,operating
C1413,2017,7,FoodTech,Sweden,Series B,20.83,4,84,6,2,4,0,2.4,1,0,3,operating
C1414,2019,5,SaaS,Brazil,Series A,2.05,3,30,6,3,7,0,1.2,1,0,4,operating
C1415,2001,23,Software,Israel,IPO,763.31,6,2975,10,15,8,1,3.4,2,0,2,operating
C1416,2020,4,Biotech,South Korea,Seed,0.56,2,4,4,0,6,0,0.0,1,0,1,closed
C1417,2009,15,E-Commerce,France,Series C,82.77,5,133,9,14,10,0,2.5,1,0,4,operating
C1418,2011,13,EdTech,Canada,Series C,29.73,5,243,10,7,8,0,2.8,1,1,1,operating
C1419,2012,12,Biotech,India,Seed,0.24,2,3,4,9,4,0,0.3,1,0,3,closed
C1420,2013,11,Gaming,Australia,Seed,0.64,1,6,0,10,3,0,0.2,2,0,2,closed
C1421,2014,10,Media,USA,Series A,1.76,3,27,2,5,4,0,1.2,1,0,1,operating
C1422,2001,23,Biotech,Japan,Seed,0.24,2,3,3,14,3,0,0.0,1,0,3,operating
C1423,2011,13,AI/ML,South Korea,Series A,0.97,2,13,2,11,2,0,1.9,1,0,1,operating
C1424,2013,11,CleanTech,South Korea,Seed,0.18,2,3,2,7,2,0,0.0,3,0,3,closed
C1425,2004,20,Hardware,Singapore,Series A,3.83,2,28,5,17,7,0,1.2,2,1,5,operating
C1426,2005,19,E-Commerce,Canada,Series B,12.2,4,20,6,12,7,0,1.6,3,0,2,operating
C1427,2009,15,Gaming,Australia,Series B,6.48,3,204,4,11,5,0,2.4,1,0,1,operating
C1428,2012,12,E-Commerce,India,Series A,2.48,2,28,5,9,4,0,0.7,1,0,5,operating
C1429,2018,6,AgriTech,Canada,Series A,6.34,2,20,5,3,4,0,1.3,3,0,2,operating
C1430,2021,3,SaaS,UK,Series C,37.16,5,371,10,3,9,1,3.5,2,0,4,operating
C1431,2000,24,Software,Brazil,Seed,0.28,1,4,1,14,3,0,0.1,2,0,1,operating
C1432,2019,5,FinTech,Israel,Series C,14.51,5,123,10,1,10,1,3.3,1,0,5,operating
C1433,2014,10,Logistics,France,Seed,0.38,1,3,4,9,4,0,0.0,2,0,4,closed
C1434,2003,21,FoodTech,South Korea,Series A,1.21,3,90,3,16,4,0,1.1,2,0,4,operating
C1435,2008,16,FinTech,Canada,Series A,1.28,3,12,6,14,4,0,1.0,3,0,5,operating
C1436,2008,16,AI/ML,Brazil,Series A,2.87,2,43,2,9,1,0,1.0,3,0,1,operating
C1437,2019,5,CleanTech,Japan,Series A,1.37,2,21,2,3,4,0,0.5,3,0,1,operating
C1438,2008,16,AgriTech,South Korea,Series A,2.27,3,41,6,9,4,0,1.7,1,0,5,operating
C1439,2004,20,AI/ML,Germany,Series B,26.86,4,45,5,14,4,0,2.1,2,1,2,operating
C1440,2012,12,HealthTech,South Korea,Series A,0.57,2,21,4,11,3,0,1.1,2,0,5,acquired
C1441,2014,10,Hardware,Japan,Seed,0.67,2,3,3,10,3,0,0.4,1,1,3,operating
C1442,2016,8,Biotech,Sweden,Series A,1.11,3,11,3,3,3,1,0.7,3,0,4,operating
C1443,2008,16,AgriTech,Japan,Seed,0.14,1,5,3,9,5,1,0.2,2,0,2,operating
C1444,2011,13,Gaming,Israel,Series A,11.54,3,27,3,13,5,0,0.8,3,0,1,operating
C1445,2000,24,FoodTech,Canada,Series D+,140.65,6,449,11,19,9,1,3.5,1,0,2,operating
C1446,2012,12,Media,South Korea,Series B,9.08,3,51,5,11,4,0,2.6,1,0,5,operating
C1447,2009,15,AI/ML,South Korea,Series A,7.66,2,43,4,11,4,0,0.9,2,1,4,acquired
C1448,2014,10,AI/ML,USA,Series A,3.5,2,27,6,10,5,0,1.1,3,1,3,operating
C1449,2004,20,AI/ML,France,IPO,332.7,7,1517,12,17,11,1,4.7,3,0,3,operating
C1450,2008,16,Software,Brazil,Seed,0.48,2,3,3,10,2,0,0.0,2,1,4,acquired
C1451,2005,19,AgriTech,USA,IPO,280.56,7,2534,13,17,13,0,4.1,1,0,5,operating
C1452,2004,20,Hardware,Canada,Series A,2.28,2,19,2,16,2,1,1.0,2,0,2,operating
C1453,2001,23,Software,Canada,Series A,1.38,3,20,2,17,3,0,0.7,3,0,4,operating
C1454,2004,20,Hardware,China,Seed,0.84,2,1,2,13,4,0,0.0,2,0,5,acquired
C1455,2005,19,CleanTech,Singapore,IPO,245.17,6,930,12,11,12,1,4.8,2,0,1,operating
C1456,2021,3,EdTech,France,Series A,4.82,2,30,2,6,4,0,0.4,3,0,1,operating
C1457,2014,10,Media,Singapore,Seed,1.11,1,12,3,8,4,0,0.0,2,0,5,acquired
C1458,2021,3,Hardware,Singapore,Series B,4.71,3,41,8,4,7,0,2.2,1,0,3,acquired
C1459,2008,16,AI/ML,Australia,Series A,2.09,2,30,5,15,4,1,0.3,1,1,1,operating
C1460,2011,13,Media,France,Seed,1.91,2,4,4,13,4,0,0.0,1,0,4,closed
C1461,2004,20,Hardware,Australia,Series D+,100.86,5,253,12,15,10,0,2.9,2,0,3,operating
C1462,2012,12,Gaming,Brazil,Series A,1.49,2,17,6,12,5,0,0.3,2,0,2,operating
C1463,2005,19,CleanTech,Australia,Series D+,91.83,6,387,10,15,8,0,3.6,2,0,4,operating
C1464,2016,8,EdTech,Japan,Series C,27.6,4,137,7,6,7,1,3.3,2,1,4,operating
C1465,2001,23,Biotech,Singapore,Series D+,76.38,6,706,12,17,9,0,3.2,2,1,2,operating
C1466,2018,6,Media,Singapore,Series A,3.09,3,38,4,6,4,0,0.5,3,0,5,operating
C1467,2006,18,Gaming,UK,Seed,0.46,2,2,2,12,2,0,0.0,2,0,3,closed
C1468,2007,17,AI/ML,Singapore,Series A,8.38,3,37,3,14,3,0,2.0,2,0,4,operating
C1469,2008,16,CleanTech,USA,Seed,0.56,2,2,1,11,3,0,0.3,1,0,3,operating
C1470,2001,23,FinTech,France,Series C,39.65,4,53,10,16,9,1,2.5,3,1,5,operating
C1471,2008,16,SaaS,Israel,Seed,0.34,2,3,0,13,1,0,0.0,3,0,5,operating
C1472,2010,14,Media,Japan,Series B,15.56,4,53,6,11,4,0,1.8,2,0,3,operating
C1473,2018,6,Logistics,India,Series B,25.91,3,97,8,3,6,0,1.3,1,0,5,acquired
C1474,2021,3,FoodTech,Israel,Series C,19.94,4,359,7,5,8,0,2.7,3,1,5,operating
C1475,2004,20,Hardware,Netherlands,Series C,83.31,5,218,8,13,7,0,2.3,1,0,1,operating
C1476,2002,22,FoodTech,Germany,Series A,3.25,3,23,6,19,7,0,0.9,3,0,4,operating
C1477,2005,19,FinTech,Brazil,Seed,0.17,2,5,2,15,2,0,0.0,2,0,4,operating
C1478,2003,21,Hardware,Brazil,Series B,7.68,4,60,8,16,7,1,1.9,2,0,2,operating
C1479,2017,7,FinTech,Singapore,Series B,19.85,4,155,4,2,3,0,2.8,1,0,4,operating
C1480,2005,19,Hardware,France,Series C,43.86,4,122,10,15,9,0,2.7,1,0,2,operating
C1481,2016,8,FoodTech,China,Series C,32.89,4,235,7,7,5,0,2.8,3,1,4,operating
C1482,2020,4,Logistics,South Korea,IPO,407.19,7,2238,14,5,11,0,5.0,3,1,1,operating
C1483,2003,21,Logistics,Singapore,Seed,0.25,1,6,4,12,3,0,0.2,2,0,1,operating
C1484,2003,21,FoodTech,Sweden,Series D+,25.21,5,426,10,18,10,0,3.1,2,1,5,operating
C1485,2000,24,EdTech,Netherlands,Series A,3.89,2,21,3,20,3,0,1.1,1,0,4,operating
C1486,2002,22,EdTech,Netherlands,Series B,28.25,3,129,8,19,6,0,1.0,3,1,3,operating
C1487,2011,13,Hardware,Japan,Series A,3.2,3,26,4,12,3,0,0.7,1,1,1,acquired
C1488,2020,4,EdTech,Germany,Series B,25.88,4,129,7,5,5,0,2.3,1,0,1,operating
C1489,2016,8,CleanTech,South Korea,Seed,0.28,1,7,3,3,3,0,0.0,3,0,4,operating
C1490,2011,13,Hardware,China,Series B,16.26,4,57,6,12,7,0,2.1,2,0,4,operating
C1491,2020,4,Gaming,Brazil,Series D+,81.63,6,516,8,2,9,1,4.2,3,0,1,operating
C1492,2007,17,E-Commerce,Canada,Series B,19.09,4,247,8,14,7,0,1.3,2,0,3,operating
C1493,2008,16,HealthTech,Australia,Series B,11.03,3,32,8,10,8,1,2.1,2,0,5,operating
C1494,2007,17,Gaming,Israel,IPO,635.07,7,1385,14,15,14,1,4.7,1,0,2,operating
C1495,2002,22,FinTech,India,Series D+,159.19,5,738,12,14,12,0,4.3,2,0,5,operating
C1496,2004,20,EdTech,France,Series D+,76.42,5,925,11,18,9,1,3.1,1,0,4,operating
C1497,2000,24,Gaming,China,Seed,0.45,1,5,1,15,3,0,0.5,1,0,4,acquired
C1498,2017,7,SaaS,UK,Series D+,44.22,5,686,12,6,10,0,3.8,2,0,2,operating
C1499,2015,9,FinTech,Japan,Seed,0.33,2,5,1,6,0,0,0.1,2,0,3,operating
C1500,2015,9,Software,USA,Series D+,158.54,5,401,10,7,9,1,3.8,2,0,5,operating
C1501,2003,21,Logistics,Netherlands,Series B,8.38,4,128,7,17,5,0,1.2,2,1,5,operating
C1502,2008,16,SaaS,USA,Series C,22.54,4,83,7,13,8,0,2.5,1,0,4,operating
C1503,2003,21,SaaS,Germany,Series C,37.76,5,81,10,14,11,0,2.9,3,0,5,operating
C1504,2008,16,AgriTech,South Korea,Seed,0.32,2,14,4,9,5,0,0.5,1,0,3,acquired
C1505,2021,3,FinTech,USA,Seed,0.76,1,2,3,5,5,0,0.0,2,0,1,operating
C1506,2005,19,FinTech,India,Series C,34.58,4,65,6,13,4,1,2.9,1,0,3,operating
C1507,2000,24,Hardware,USA,Series A,3.23,3,25,2,17,4,0,0.0,3,0,4,operating
C1508,2012,12,HealthTech,China,Series A,2.63,3,30,2,11,1,0,1.9,2,0,1,operating
C1509,2018,6,Media,Germany,Series A,1.07,2,23,3,3,3,0,1.8,2,0,2,operating
C1510,2020,4,SaaS,Sweden,Seed,0.22,1,3,1,3,3,0,0.0,2,0,2,closed
C1511,2001,23,Gaming,Germany,Seed,0.27,2,10,4,20,6,0,1.0,3,0,1,acquired
C1512,2017,7,HealthTech,India,IPO,171.06,7,4047,12,2,12,1,4.4,2,0,5,operating
C1513,2019,5,AgriTech,South Korea,Series B,12.5,4,52,8,3,9,0,2.6,2,0,5,operating
C1514,2011,13,Media,Israel,Series B,10.26,3,117,7,11,5,1,2.6,2,1,5,operating
C1515,2020,4,Media,Netherlands,Series B,13.06,4,39,6,3,6,1,2.8,3,0,5,operating
C1516,2015,9,E-Commerce,China,Series A,0.78,2,49,6,8,5,0,0.9,2,0,3,operating
C1517,2017,7,Hardware,Australia,Seed,0.5,1,1,4,8,3,0,0.0,1,0,2,operating
C1518,2004,20,FinTech,France,Series C,62.15,5,298,8,18,6,1,2.5,3,0,5,operating
C1519,2018,6,SaaS,China,Series A,0.93,3,63,6,3,7,0,0.4,1,1,1,operating
C1520,2002,22,Software,South Korea,Series B,13.63,3,132,5,14,5,0,1.7,1,0,5,operating
C1521,2005,19,E-Commerce,Canada,Series C,47.62,4,279,8,17,6,0,2.6,1,0,4,operating
C1522,2013,11,E-Commerce,France,Series A,8.68,2,60,6,8,6,0,0.3,3,0,3,closed
C1523,2002,22,FinTech,Japan,Series C,52.95,4,97,9,19,8,0,3.0,3,0,3,operating
C1524,2019,5,FinTech,Japan,Series A,0.6,2,25,6,4,7,0,0.9,2,0,1,operating
C1525,2014,10,Hardware,Canada,Series B,3.88,3,55,7,5,5,0,1.9,2,0,1,acquired
C1526,2014,10,AgriTech,South Korea,Series A,7.97,3,35,4,11,6,0,0.6,1,0,2,operating
C1527,2003,21,Hardware,Japan,Seed,0.72,2,4,1,16,0,0,0.0,3,0,4,operating
C1528,2020,4,Biotech,Australia,Series C,28.34,5,119,7,0,7,0,2.3,2,0,1,operating
C1529,2003,21,Hardware,Germany,Series A,2.12,2,15,4,12,5,0,0.9,3,0,1,acquired
C1530,2003,21,HealthTech,Sweden,Series B,40.39,3,187,5,15,7,1,1.7,3,1,1,operating
C1531,2002,22,FoodTech,Australia,Series A,1.27,3,33,6,16,7,0,1.0,3,0,1,operating
C1532,2006,18,Software,China,Series C,37.69,5,184,9,12,10,1,2.5,2,0,2,operating
C1533,2009,15,Hardware,Australia,Series D+,31.74,6,525,10,10,10,0,2.9,2,0,4,operating
C1534,2012,12,FinTech,Israel,Series B,17.62,3,215,5,8,6,0,1.8,2,0,3,operating
C1535,2009,15,E-Commerce,South Korea,Series A,2.84,3,12,6,10,4,0,1.8,2,0,1,operating
C1536,2014,10,FinTech,South Korea,Series A,3.64,2,40,6,6,7,0,0.5,1,0,2,operating
C1537,2015,9,SaaS,UK,Series A,5.49,2,22,6,7,4,0,0.2,3,0,5,operating
C1538,2019,5,EdTech,South Korea,Series C,72.68,5,118,9,5,7,0,3.0,2,0,3,operating
C1539,2006,18,AI/ML,Netherlands,Series D+,156.93,6,275,8,10,6,0,3.8,2,0,1,operating
C1540,2012,12,FoodTech,China,Series B,14.65,4,92,4,8,3,1,2.6,1,1,4,operating
C1541,2015,9,Biotech,South Korea,Series A,3.51,3,25,6,6,5,0,1.9,3,0,2,operating
C1542,2010,14,Logistics,South Korea,Series D+,65.06,5,1148,8,7,7,1,3.7,3,0,3,operating
C1543,2021,3,Software,Brazil,Series C,50.99,5,248,9,1,8,0,2.2,1,0,4,operating
C1544,2017,7,E-Commerce,France,Seed,0.38,2,5,2,8,2,0,0.0,3,0,1,closed
C1545,2019,5,SaaS,China,Seed,0.51,1,5,3,2,2,0,0.0,2,0,4,closed
C1546,2003,21,Gaming,USA,Series B,12.51,3,342,6,14,5,0,1.6,3,0,2,operating
C1547,2011,13,CleanTech,Germany,Seed,0.15,2,1,1,9,3,0,0.0,3,1,5,operating
C1548,2020,4,Software,Singapore,Series C,36.14,5,113,10,2,9,0,3.4,3,0,1,operating
C1549,2010,14,HealthTech,Israel,Seed,0.43,1,9,1,11,0,0,0.0,2,0,3,acquired
C1550,2014,10,EdTech,UK,IPO,126.13,6,1137,12,8,9,1,4.2,2,0,3,operating
C1551,2020,4,E-Commerce,USA,Seed,0.39,1,4,2,0,4,0,0.0,1,0,4,closed
C1552,2006,18,SaaS,Sweden,Series C,76.9,5,201,7,12,6,0,2.4,1,0,3,operating
C1553,2008,16,Biotech,Japan,IPO,1023.42,6,2243,11,14,10,0,4.7,2,1,4,operating
C1554,2007,17,CleanTech,Sweden,Series B,40.43,3,25,7,13,7,0,1.7,2,0,5,operating
C1555,2002,22,Biotech,UK,Series A,0.71,2,11,5,14,6,1,0.3,2,0,4,operating
C1556,2007,17,HealthTech,China,Series D+,49.75,6,944,12,13,12,0,3.6,2,0,1,operating
C1557,2013,11,Logistics,China,Series A,5.98,3,55,5,8,5,0,1.0,2,0,2,acquired
C1558,2004,20,AgriTech,France,Series D+,68.52,5,170,8,14,7,0,4.3,2,0,4,operating
C1559,2009,15,Biotech,Australia,Series A,3.63,2,12,3,10,4,0,1.2,2,0,1,acquired
C1560,2021,3,FoodTech,USA,Series B,28.42,4,123,6,1,7,0,2.6,3,0,1,operating
C1561,2021,3,E-Commerce,South Korea,Seed,0.32,1,6,0,6,0,0,0.0,3,0,5,operating
C1562,2007,17,AgriTech,India,Series B,12.73,4,152,7,12,6,0,3.0,2,0,3,operating
C1563,2018,6,CleanTech,Japan,Series A,0.98,2,20,3,6,4,0,1.0,1,0,4,acquired
C1564,2013,11,AI/ML,USA,Series A,1.58,3,30,6,6,7,0,0.1,2,1,2,operating
C1565,2007,17,Biotech,Brazil,Series B,16.13,4,186,8,9,6,0,1.1,2,0,2,operating
C1566,2010,14,FoodTech,China,Series A,3.63,3,20,5,10,6,0,0.3,1,0,3,operating
C1567,2007,17,CleanTech,USA,IPO,131.95,7,548,12,15,9,0,4.9,2,0,3,operating
C1568,2004,20,AgriTech,USA,IPO,479.88,6,757,10,13,9,0,4.7,1,0,5,operating
C1569,2015,9,Hardware,China,IPO,985.8,7,1595,14,7,14,1,4.7,1,0,2,operating
C1570,2013,11,E-Commerce,USA,Series A,2.79,2,17,5,9,4,0,1.4,2,0,5,operating
C1571,2017,7,SaaS,France,Series A,1.89,2,19,6,3,4,0,1.0,2,0,2,acquired
C1572,2008,16,AgriTech,Sweden,Seed,1.16,1,2,2,14,2,0,0.0,1,0,3,acquired
C1573,2014,10,AI/ML,Israel,Seed,0.24,1,5,2,8,4,0,0.4,2,1,5,operating
C1574,2010,14,FoodTech,UK,Series A,4.31,3,15,3,11,5,0,0.6,2,0,5,operating
C1575,2008,16,AgriTech,China,Series A,12.38,2,26,6,15,7,0,0.5,3,0,1,acquired
C1576,2021,3,FoodTech,Australia,Seed,0.08,2,12,4,2,6,0,0.0,3,0,3,closed
C1577,2009,15,EdTech,Brazil,Series A,0.77,3,12,5,13,4,0,0.6,2,0,3,operating
C1578,2010,14,CleanTech,Japan,Series C,88.46,4,182,8,13,6,0,2.8,1,0,4,operating
C1579,2006,18,AI/ML,Australia,IPO,552.03,7,1738,14,14,12,1,5.0,1,0,1,operating
C1580,2016,8,SaaS,USA,IPO,327.71,6,868,12,3,12,0,4.2,1,0,1,operating
C1581,2009,15,EdTech,Germany,Seed,0.39,1,2,1,9,0,0,0.0,2,1,5,operating
C1582,2015,9,HealthTech,India,Series A,4.12,2,51,4,10,4,0,0.3,1,0,3,closed
C1583,2020,4,HealthTech,UK,Series A,7.94,3,45,4,1,3,0,2.2,3,0,4,acquired
C1584,2021,3,Software,Netherlands,Series B,13.92,3,64,8,5,7,0,1.9,3,0,3,operating
C1585,2021,3,CleanTech,Sweden,Series B,5.05,3,93,7,0,5,0,1.0,3,0,5,operating
C1586,2003,21,Biotech,Japan,Series B,10.21,3,118,7,16,6,0,1.9,2,0,2,operating
C1587,2014,10,FinTech,Singapore,Series A,2.57,3,11,6,6,5,0,1.0,3,1,5,operating
C1588,2009,15,CleanTech,Germany,Series A,0.8,3,38,2,9,1,0,0.7,2,0,5,operating
C1589,2008,16,AgriTech,Israel,Seed,0.6,2,3,2,11,1,0,0.0,3,1,2,acquired
C1590,2011,13,Logistics,China,Series A,6.05,3,27,5,12,4,0,0.6,3,0,4,operating
C1591,2006,18,Hardware,China,Series D+,76.11,5,798,9,14,7,0,3.8,1,1,4,operating
C1592,2020,4,FinTech,South Korea,Series C,52.8,4,279,8,6,7,0,3.0,2,0,4,operating
C1593,2001,23,HealthTech,Japan,Series C,13.65,4,214,6,17,6,0,3.0,1,1,3,operating
C1594,2004,20,HealthTech,UK,Seed,0.16,1,3,0,12,3,0,0.3,3,0,3,operating
C1595,2008,16,HealthTech,Singapore,Series A,1.11,2,10,6,15,7,0,1.2,3,0,5,operating
C1596,2020,4,Logistics,China,Series D+,71.38,5,389,9,2,9,0,4.7,1,0,2,operating
C1597,2017,7,Logistics,South Korea,Series B,9.74,4,130,8,2,8,0,1.8,2,0,5,operating
C1598,2004,20,Logistics,Australia,Seed,0.73,2,2,1,13,1,0,0.9,1,0,4,operating
C1599,2017,7,Media,China,Series A,1.27,2,18,2,8,3,0,1.8,2,1,5,operating
C1600,2007,17,EdTech,Israel,Series B,30.69,3,140,8,12,7,0,2.6,1,0,5,operating
C1601,2011,13,FinTech,France,Seed,1.0,2,8,2,8,3,0,0.5,3,0,2,operating
C1602,2019,5,FoodTech,Germany,Series D+,43.98,5,629,12,2,11,1,4.1,2,0,4,operating
C1603,2011,13,Gaming,Australia,Series C,64.71,4,196,9,12,10,1,2.6,2,1,3,operating
C1604,2008,16,FoodTech,Israel,Series C,76.84,4,117,8,13,8,0,2.1,3,0,4,operating
C1605,2010,14,Gaming,Germany,Series A,2.59,2,31,2,7,3,0,0.0,1,0,2,operating
C1606,2009,15,Software,USA,Series A,4.3,3,60,4,9,3,0,0.8,3,0,2,operating
C1607,2013,11,CleanTech,South Korea,Series B,8.88,4,54,4,10,5,0,1.7,2,0,4,operating
C1608,2019,5,Hardware,India,Seed,0.27,2,4,0,4,0,0,0.0,2,0,5,operating
C1609,2018,6,FinTech,UK,Series A,3.99,2,48,2,5,1,0,1.2,1,0,2,acquired
C1610,2005,19,SaaS,India,Seed,0.37,1,8,1,12,0,0,0.0,1,0,3,operating
C1611,2011,13,HealthTech,USA,Series B,12.38,4,152,5,10,4,0,2.0,1,0,3,operating
C1612,2018,6,E-Commerce,Japan,Seed,0.63,1,4,1,8,3,0,0.6,3,0,2,operating
C1613,2013,11,CleanTech,Brazil,Series B,20.06,4,42,6,9,5,0,1.2,2,0,1,operating
C1614,2003,21,CleanTech,South Korea,Seed,0.24,2,5,3,12,5,0,0.0,2,0,1,closed
C1615,2010,14,Gaming,France,Seed,1.02,2,5,0,11,3,0,0.0,1,0,2,operating
C1616,2018,6,Media,South Korea,Series B,22.66,3,124,4,5,6,1,2.0,2,0,5,operating
C1617,2005,19,SaaS,UK,Seed,0.09,1,4,0,11,3,0,0.0,1,1,3,acquired
C1618,2018,6,Biotech,Israel,Seed,0.22,1,5,1,4,2,0,0.6,3,0,3,closed
C1619,2015,9,Software,Canada,Series A,2.36,3,37,3,10,3,0,1.7,3,0,1,operating
C1620,2013,11,Logistics,USA,Seed,0.66,2,11,2,9,3,0,0.0,3,0,1,operating
C1621,2000,24,Hardware,Sweden,Seed,0.16,1,4,2,20,1,0,0.6,3,0,3,operating
C1622,2011,13,AI/ML,Australia,Series B,11.25,3,178,6,7,7,0,1.9,2,0,5,operating
C1623,2007,17,Hardware,Singapore,Series A,0.93,2,20,3,11,3,0,1.7,1,0,4,operating
C1624,2015,9,SaaS,Sweden,Seed,1.59,1,6,3,10,5,0,0.0,3,0,5,acquired
C1625,2000,24,EdTech,Canada,Series A,8.72,3,64,2,18,3,0,0.0,3,0,5,operating
C1626,2010,14,FinTech,USA,Seed,0.15,2,1,0,9,1,0,0.0,2,0,4,closed
C1627,2004,20,HealthTech,Brazil,Series B,7.12,4,79,4,12,3,0,1.9,2,0,2,operating
C1628,2002,22,Media,USA,Series B,22.59,3,380,8,16,9,0,2.0,3,0,3,operating
C1629,2019,5,SaaS,Japan,Series B,72.61,3,212,5,6,6,0,2.0,3,0,3,operating
C1630,2001,23,Gaming,India,IPO,684.35,7,1354,11,17,11,0,4.2,2,0,2,operating
C1631,2010,14,FoodTech,Germany,Series C,60.0,4,283,7,11,7,0,3.1,3,0,4,operating
C1632,2008,16,Hardware,UK,Series C,22.02,4,112,6,9,7,1,3.7,1,0,1,operating
C1633,2014,10,AI/ML,USA,Series A,9.77,3,29,4,10,6,0,0.9,2,0,3,operating
C1634,2019,5,FinTech,USA,Series A,1.2,2,42,4,7,5,0,1.8,2,0,3,operating
C1635,2016,8,Software,France,Series D+,199.47,6,474,10,3,10,0,4.5,2,1,5,operating
C1636,2002,22,AI/ML,USA,Series B,10.96,3,106,7,18,5,0,1.6,2,1,5,operating
C1637,2018,6,HealthTech,Germany,Series A,3.9,3,20,4,4,6,0,0.8,3,0,1,operating
C1638,2014,10,FinTech,France,Series C,42.39,4,241,8,11,6,1,3.5,2,0,5,operating
C1639,2011,13,FinTech,Canada,Series A,5.53,2,24,5,8,7,0,1.2,3,0,5,operating
C1640,2009,15,Gaming,South Korea,Series B,5.22,3,58,8,8,7,1,3.2,1,0,5,operating
C1641,2017,7,HealthTech,Canada,Series D+,98.03,5,207,12,7,10,0,3.3,2,1,5,operating
C1642,2018,6,Gaming,UK,Series A,2.29,3,13,6,8,6,1,1.0,2,0,3,operating
C1643,2008,16,AgriTech,South Korea,Series C,94.1,5,162,8,10,6,0,2.4,1,1,5,operating
C1644,2016,8,FoodTech,Canada,Series B,9.35,3,101,6,7,7,0,3.2,2,0,4,operating
C1645,2005,19,AgriTech,Brazil,Seed,0.69,2,2,1,16,0,0,0.4,1,1,5,acquired
C1646,2018,6,HealthTech,Australia,Series B,5.66,4,127,5,8,6,0,1.2,2,0,3,operating
C1647,2008,16,AI/ML,UK,Series B,17.08,4,60,8,13,8,0,1.1,2,0,2,operating
C1648,2015,9,FinTech,Netherlands,Series B,5.59,3,92,7,10,6,0,2.6,3,0,1,operating
C1649,2008,16,Biotech,Germany,Series A,2.2,2,21,4,11,3,0,0.4,2,0,2,operating
C1650,2005,19,Logistics,Japan,Series B,26.31,3,40,4,13,5,0,1.4,2,0,2,operating
C1651,2014,10,Biotech,Netherlands,Series A,4.73,2,55,3,7,5,1,1.5,2,0,4,operating
C1652,2003,21,E-Commerce,China,Series B,3.22,4,130,5,13,6,0,2.2,2,0,5,operating
C1653,2016,8,E-Commerce,Brazil,Series C,32.64,5,278,7,7,6,0,2.9,1,1,4,operating
C1654,2002,22,AgriTech,Netherlands,Seed,0.23,2,6,4,19,5,0,2.1,1,0,2,operating
C1655,2001,23,AgriTech,Brazil,Seed,0.34,1,3,1,18,1,0,0.0,2,0,1,operating
C1656,2020,4,HealthTech,Japan,Series B,9.31,3,283,4,4,6,0,0.8,2,0,2,operating
C1657,2021,3,HealthTech,USA,Series B,9.24,3,31,4,4,3,0,0.9,3,0,2,operating
C1658,2009,15,AgriTech,USA,Series D+,30.19,6,326,11,12,8,0,3.0,1,0,4,operating
C1659,2010,14,FinTech,USA,Series A,1.29,2,16,5,12,5,1,0.9,3,0,5,operating
C1660,2019,5,Biotech,India,Series A,2.51,2,30,6,1,6,1,1.6,1,0,5,operating
C1661,2003,21,E-Commerce,Japan,Seed,0.24,2,8,0,17,3,0,0.0,2,0,5,operating
C1662,2008,16,CleanTech,Germany,Seed,0.31,1,3,3,10,3,0,0.0,1,0,5,acquired
C1663,2005,19,E-Commerce,India,Series A,2.7,3,10,3,15,5,0,0.9,1,0,3,operating
C1664,2018,6,Media,USA,Series B,12.45,4,76,8,6,8,1,1.5,2,0,5,operating
C1665,2019,5,Hardware,Brazil,Series C,80.4,5,596,7,1,8,0,2.8,1,1,1,operating
C1666,2000,24,Logistics,USA,Seed,0.48,2,3,4,16,4,0,0.0,3,0,1,closed
C1667,2008,16,Gaming,Australia,Seed,1.17,1,11,2,9,2,0,0.0,2,0,2,operating
C1668,2019,5,FoodTech,South Korea,Series A,1.5,3,11,5,5,6,0,1.0,2,0,5,operating
C1669,2012,12,Media,Brazil,Series D+,143.17,5,174,10,8,11,1,4.1,1,0,2,operating
C1670,2010,14,E-Commerce,China,Series A,2.07,3,38,5,7,6,0,1.6,2,0,2,acquired
C1671,2004,20,Software,Brazil,Seed,0.44,1,4,0,14,3,0,0.0,2,0,3,operating
C1672,2010,14,Biotech,France,IPO,233.91,7,1854,10,13,10,0,4.5,3,0,1,operating
C1673,2009,15,HealthTech,Singapore,Series A,9.68,2,15,3,13,4,0,0.7,3,0,4,operating
C1674,2015,9,Media,Brazil,Seed,0.23,2,5,2,7,1,1,0.0,2,1,2,operating
C1675,2021,3,Hardware,India,Series B,17.79,4,57,6,3,6,0,1.7,2,0,2,operating
C1676,2019,5,SaaS,Sweden,Seed,0.55,2,4,1,6,2,0,0.0,2,0,3,operating
C1677,2017,7,FinTech,Japan,Series A,0.88,3,17,4,3,3,0,1.0,2,1,4,operating
C1678,2012,12,Software,Sweden,Series A,2.66,2,27,6,8,4,0,0.7,1,0,3,acquired
C1679,2007,17,E-Commerce,Australia,Seed,0.16,1,1,1,9,0,0,0.0,2,0,5,closed
C1680,2015,9,HealthTech,South Korea,Series B,22.91,4,96,5,6,5,1,2.6,2,0,2,operating
C1681,2019,5,Media,Sweden,Series A,3.77,2,42,6,5,7,0,1.9,1,1,2,acquired
C1682,2003,21,AI/ML,Netherlands,Seed,0.2,2,3,3,18,4,0,0.0,2,0,5,operating
C1683,2007,17,EdTech,China,Seed,0.63,2,7,2,14,4,0,0.0,1,0,1,operating
C1684,2012,12,Hardware,Israel,Series A,4.39,2,37,5,8,5,1,1.5,2,1,1,operating
C1685,2009,15,SaaS,China,Series B,5.86,3,125,6,14,5,0,2.2,2,0,1,operating
C1686,2005,19,HealthTech,China,Series C,80.65,5,425,10,17,10,1,2.6,1,0,4,operating
C1687,2010,14,Hardware,Sweden,Series A,9.04,2,9,4,13,3,0,1.6,1,0,3,operating
C1688,2016,8,Biotech,USA,Series B,22.12,3,121,4,9,6,0,1.4,2,0,3,operating
C1689,2018,6,FoodTech,USA,Seed,2.16,2,2,0,4,3,0,0.0,3,0,1,closed
C1690,2002,22,CleanTech,Brazil,Series C,19.4,4,156,9,17,7,1,2.0,1,0,5,operating
C1691,2006,18,HealthTech,Brazil,Series A,0.51,3,36,3,10,5,0,0.4,3,0,5,operating
C1692,2021,3,Logistics,Brazil,Series B,12.29,3,181,5,1,6,0,1.8,2,0,5,operating
C1693,2007,17,FoodTech,Israel,Seed,0.6,1,3,0,11,0,0,0.0,3,0,2,acquired
C1694,2017,7,Hardware,Israel,Series B,14.88,4,65,6,5,5,0,1.8,1,0,2,acquired
C1695,2007,17,FinTech,Japan,Series A,2.87,2,30,4,14,6,0,1.4,2,0,2,operating
C1696,2006,18,Gaming,Israel,Series D+,30.34,6,838,9,16,7,0,4.3,3,0,5,operating
C1697,2006,18,AgriTech,Australia,IPO,477.8,6,3131,12,13,11,0,4.2,1,0,3,operating
C1698,2004,20,Biotech,Israel,Series C,75.23,5,177,10,14,10,1,3.3,2,0,4,operating
C1699,2020,4,Hardware,South Korea,Series A,2.32,2,17,4,3,5,0,0.0,3,0,4,acquired
C1700,2020,4,EdTech,UK,Seed,0.18,1,2,4,1,3,0,0.0,1,0,1,closed
C1701,2017,7,SaaS,Australia,Seed,0.38,1,4,4,8,4,0,0.3,1,1,2,closed
C1702,2010,14,Biotech,South Korea,Seed,0.67,2,4,2,9,1,0,0.0,2,0,1,operating
C1703,2014,10,EdTech,China,Series B,11.62,3,88,6,7,4,1,1.4,1,0,2,operating
C1704,2008,16,Biotech,Brazil,Series A,3.96,3,45,5,10,6,0,0.6,3,0,2,operating
C1705,2007,17,HealthTech,Netherlands,Seed,0.58,1,1,1,10,0,0,0.0,3,0,3,acquired
C1706,2008,16,AgriTech,Canada,Series A,5.87,3,22,6,15,6,1,1.0,3,0,1,operating
C1707,2004,20,CleanTech,Australia,Series C,51.72,4,151,6,15,7,0,2.8,3,0,5,operating
C1708,2016,8,AI/ML,Canada,Series A,2.31,3,24,2,4,3,1,0.5,3,0,5,operating
C1709,2013,11,AgriTech,India,Series B,13.23,4,36,7,6,6,1,3.3,3,0,1,operating
C1710,2011,13,EdTech,Brazil,Seed,0.7,2,9,3,7,2,0,0.2,2,0,3,closed
C1711,2008,16,AgriTech,Germany,Series B,8.73,3,62,6,9,7,0,2.4,2,0,4,operating
C1712,2020,4,EdTech,France,Series B,8.83,4,189,6,0,5,0,2.1,1,0,1,operating
C1713,2008,16,Software,Netherlands,Series A,0.74,2,7,4,13,6,0,1.2,2,0,5,operating
C1714,2006,18,Logistics,UK,IPO,543.65,7,1902,11,12,9,0,4.6,2,0,1,operating
C1715,2009,15,Gaming,Australia,Series A,5.18,2,27,2,11,2,1,1.3,2,0,3,operating
C1716,2001,23,Software,Netherlands,Series C,38.44,4,147,10,18,10,1,3.2,3,0,2,operating
C1717,2016,8,CleanTech,Netherlands,Series A,2.21,3,11,2,3,1,0,0.3,3,0,2,acquired
C1718,2003,21,FoodTech,South Korea,Series B,5.33,3,50,5,18,7,0,1.4,2,0,3,operating
C1719,2015,9,HealthTech,France,Series A,3.22,3,25,6,10,7,0,0.7,2,0,1,operating
C1720,2010,14,EdTech,Canada,Series A,2.28,3,22,4,10,5,0,1.7,2,1,3,operating
C1721,2005,19,Logistics,Israel,Series B,19.08,4,133,5,14,7,0,1.8,1,0,2,operating
C1722,2020,4,Media,USA,Series A,3.12,2,20,5,1,7,1,0.0,2,0,1,operating
C1723,2021,3,EdTech,Singapore,Series A,3.67,3,35,3,5,3,0,1.1,3,0,4,operating
C1724,2009,15,Media,Sweden,Seed,0.38,2,1,3,10,4,0,0.8,1,0,1,acquired
C1725,2012,12,SaaS,China,Series A,2.39,2,23,2,9,3,0,0.2,2,1,1,closed
C1726,2020,4,CleanTech,Japan,Series B,3.68,4,73,4,5,3,0,2.3,3,0,1,operating
C1727,2015,9,FoodTech,Netherlands,Series A,1.9,3,21,4,5,5,1,1.0,3,0,1,operating
C1728,2001,23,Gaming,USA,Series A,2.22,3,17,2,18,4,1,1.4,2,0,2,operating
C1729,2012,12,Biotech,Japan,Series B,3.52,4,60,6,10,7,0,1.6,2,0,4,operating
C1730,2018,6,Biotech,Japan,Series C,14.6,4,237,6,8,5,0,1.9,2,0,3,operating
C1731,2012,12,SaaS,UK,Series A,2.31,2,31,6,6,7,0,0.7,3,0,2,operating
C1732,2013,11,E-Commerce,Canada,Series A,1.59,3,17,6,10,4,0,0.2,2,0,2,operating
C1733,2007,17,FinTech,China,Series B,18.1,4,102,6,11,4,0,2.3,2,0,5,operating
C1734,2019,5,E-Commerce,South Korea,Series C,30.44,5,126,9,2,10,1,2.9,1,0,5,operating
C1735,2004,20,E-Commerce,Australia,Series A,6.14,2,10,2,18,2,1,0.9,2,0,5,operating
C1736,2012,12,Logistics,Singapore,Series D+,89.43,6,749,11,12,10,0,3.6,2,0,1,operating
C1737,2004,20,Biotech,Japan,Series D+,338.8,6,306,10,15,8,0,4.3,2,0,3,operating
C1738,2013,11,AI/ML,Japan,Series B,19.9,4,46,6,5,7,0,1.7,3,0,5,operating
C1739,2005,19,FoodTech,Australia,Seed,0.17,1,3,4,16,5,0,0.0,3,0,4,operating
C1740,2014,10,FinTech,Germany,Series A,10.63,2,29,2,8,1,0,0.6,2,0,4,operating
C1741,2008,16,Hardware,Australia,Series C,20.5,4,361,6,9,6,0,3.0,2,1,4,operating
C1742,2017,7,AI/ML,Netherlands,Series B,6.98,4,157,5,6,5,0,2.3,2,0,5,operating
C1743,2019,5,Biotech,Canada,Series C,110.63,4,198,10,3,8,0,2.9,2,0,5,operating
C1744,2013,11,FoodTech,India,IPO,240.09,7,738,11,8,8,1,3.7,1,0,5,operating
C1745,2004,20,Biotech,Sweden,Series B,8.85,3,43,7,18,8,0,1.3,2,0,1,operating
C1746,2014,10,Software,Singapore,Seed,0.51,1,2,2,6,1,0,0.0,3,0,4,operating
C1747,2021,3,Logistics,Canada,Series B,9.57,3,23,8,0,7,0,1.1,1,1,4,acquired
C1748,2008,16,EdTech,Germany,Series A,1.8,3,35,5,10,7,0,1.4,1,0,3,operating
C1749,2020,4,EdTech,UK,Series A,1.24,2,40,4,0,5,0,1.1,1,1,2,operating
C1750,2015,9,EdTech,Israel,Seed,0.42,2,3,0,7,2,0,0.3,2,0,3,closed
C1751,2018,6,Media,Sweden,Series B,8.3,4,47,6,7,4,0,1.4,2,0,3,operating
C1752,2021,3,EdTech,Sweden,Series B,3.56,3,61,4,2,5,0,2.3,3,0,4,operating
C1753,2017,7,FoodTech,USA,Series A,2.95,2,33,6,7,5,1,1.4,1,0,5,operating
C1754,2019,5,EdTech,UK,Series B,24.56,4,129,5,5,4,0,1.3,3,0,1,operating
C1755,2017,7,HealthTech,Canada,Series B,5.15,4,55,7,8,7,0,1.8,3,0,3,operating
C1756,2000,24,Logistics,Germany,Series A,2.82,2,39,5,16,6,0,1.4,2,0,2,operating
C1757,2009,15,E-Commerce,Australia,Series D+,377.32,6,768,12,10,11,0,4.0,1,0,2,operating
C1758,2005,19,Software,Netherlands,Series D+,71.91,6,222,10,14,11,0,3.2,2,0,3,operating
C1759,2001,23,Media,Sweden,Series D+,164.62,5,363,12,19,10,0,4.3,3,1,3,operating
C1760,2000,24,Software,USA,Series A,0.84,3,54,5,14,6,0,0.8,2,0,5,operating
C1761,2019,5,AgriTech,Sweden,Series A,3.13,3,14,2,4,1,0,0.7,1,0,4,operating
C1762,2019,5,Logistics,Sweden,Series B,22.09,3,54,5,1,7,0,0.9,3,1,4,operating
C1763,2013,11,SaaS,France,Series D+,82.86,6,633,10,5,8,0,2.8,2,0,1,operating
C1764,2007,17,FoodTech,Brazil,Series B,5.45,4,166,4,11,5,0,2.3,3,1,2,operating
C1765,2012,12,Logistics,UK,Series B,150.68,3,82,7,8,6,1,1.7,2,0,1,operating
C1766,2005,19,AgriTech,India,Series A,1.34,2,13,3,11,5,0,0.0,3,0,3,acquired
C1767,2006,18,Logistics,Australia,Series A,2.66,2,7,5,15,4,0,1.2,2,0,5,operating
C1768,2001,23,AI/ML,France,IPO,97.31,6,4041,11,18,11,0,4.9,1,0,5,operating
C1769,2018,6,SaaS,UK,Series B,16.28,3,45,4,8,5,1,1.7,3,1,1,operating
C1770,2011,13,Software,Singapore,Series C,37.99,5,266,8,12,6,0,3.0,1,1,4,operating
C1771,2003,21,Biotech,South Korea,Seed,1.51,2,6,2,15,3,0,0.0,3,0,3,operating
C1772,2007,17,FinTech,USA,Series A,2.34,3,44,6,11,6,0,0.9,2,0,3,operating
C1773,2012,12,Gaming,UK,Series B,6.42,3,81,8,8,7,0,2.1,3,0,1,operating
C1774,2019,5,Media,Brazil,Series C,27.83,4,323,8,6,9,0,2.3,3,0,1,operating
C1775,2013,11,Media,South Korea,Series C,25.53,5,444,10,5,10,0,1.8,1,0,3,operating
C1776,2012,12,FoodTech,UK,Series B,2.36,4,122,5,8,7,1,0.9,2,1,2,operating
C1777,2017,7,E-Commerce,South Korea,Series D+,199.32,6,742,11,2,10,1,3.1,2,0,3,operating
C1778,2014,10,EdTech,China,Series A,0.94,2,49,4,8,5,0,0.4,2,0,5,acquired
C1779,2018,6,Media,USA,Series A,5.67,2,86,6,4,7,0,1.3,1,0,2,acquired
C1780,2018,6,HealthTech,South Korea,Series A,4.93,3,9,6,6,5,0,1.7,2,0,5,operating
C1781,2010,14,FinTech,Germany,Series D+,409.44,5,275,10,10,9,1,3.4,3,0,1,operating
C1782,2002,22,AI/ML,Australia,Series D+,216.87,6,377,12,17,12,1,4.2,1,0,1,operating
C1783,2019,5,Gaming,Netherlands,Seed,0.77,1,5,2,1,3,0,0.4,2,0,2,closed
C1784,2019,5,Hardware,UK,Series A,4.09,2,90,4,6,4,0,0.8,2,0,2,operating
C1785,2009,15,Gaming,Brazil,Series C,140.3,5,152,9,9,9,0,3.5,2,1,1,operating
C1786,2011,13,EdTech,France,Series A,7.71,2,28,2,8,3,0,1.3,3,0,5,operating
C1787,2017,7,EdTech,South Korea,Seed,0.26,1,3,4,4,4,0,0.2,3,0,2,operating
C1788,2003,21,HealthTech,Netherlands,Series B,35.41,3,200,7,15,8,0,2.5,2,0,1,operating
C1789,2019,5,AgriTech,Singapore,Series B,10.28,4,131,4,5,6,1,1.2,3,1,5,operating
C1790,2020,4,FinTech,Sweden,Series C,40.09,5,500,8,4,9,0,3.1,3,1,5,operating
C1791,2003,21,HealthTech,Singapore,Series B,21.71,3,72,5,12,6,0,1.2,1,0,4,operating
C1792,2020,4,HealthTech,Japan,IPO,306.7,6,1484,11,2,10,0,4.4,3,0,5,operating
C1793,2014,10,AgriTech,UK,Seed,1.26,2,4,4,7,4,0,0.0,2,0,3,operating
C1794,2020,4,AgriTech,Germany,Seed,0.76,2,10,1,1,1,0,0.0,3,0,3,operating
C1795,2012,12,Software,Sweden,IPO,502.17,7,1526,13,8,11,0,4.8,2,0,3,operating
C1796,2007,17,HealthTech,UK,Series C,33.63,5,130,6,15,5,0,2.7,2,0,2,operating
C1797,2005,19,CleanTech,France,Series B,34.57,4,45,7,17,8,0,2.1,3,0,2,operating
C1798,2011,13,Media,France,Series B,5.57,4,44,5,9,6,0,1.5,3,0,1,operating
C1799,2013,11,HealthTech,France,Series A,1.51,3,19,2,8,1,0,1.2,2,0,1,operating
C1800,2000,24,AgriTech,Germany,Series A,1.07,2,29,3,15,2,1,0.6,2,0,3,acquired
C1801,2019,5,CleanTech,UK,Series D+,140.58,6,517,8,1,8,0,4.3,1,0,2,operating
C1802,2010,14,Biotech,South Korea,Seed,0.27,2,6,0,13,1,0,0.0,2,0,5,acquired
C1803,2008,16,Logistics,Australia,Series A,1.33,2,28,3,15,4,0,1.3,3,0,3,acquired
C1804,2017,7,Media,France,Seed,0.36,1,2,4,8,3,0,0.4,2,0,5,operating
C1805,2004,20,AI/ML,Germany,Series B,7.95,4,155,6,12,7,0,2.0,1,0,3,operating
C1806,2017,7,Software,Sweden,Series B,8.77,4,68,7,2,6,0,1.5,1,0,1,acquired
C1807,2006,18,AI/ML,South Korea,Series A,0.6,3,36,6,16,6,1,1.6,1,0,2,operating
C1808,2021,3,CleanTech,France,Series A,4.27,2,44,5,2,5,0,1.5,3,1,3,operating
C1809,2011,13,Software,Australia,Series C,188.29,4,167,7,7,7,0,2.7,2,0,4,operating
C1810,2005,19,Hardware,South Korea,Seed,1.28,1,5,3,14,5,0,0.6,1,0,4,acquired
C1811,2006,18,E-Commerce,USA,Series A,2.9,3,21,3,16,3,0,0.6,2,0,2,operating
C1812,2007,17,Software,Canada,Series A,4.41,2,8,2,11,2,1,1.0,1,0,2,operating
C1813,2019,5,SaaS,Israel,IPO,285.79,7,442,12,5,9,0,4.5,2,0,4,operating
C1814,2001,23,Media,China,Series A,3.68,3,121,2,16,3,0,1.1,1,1,1,operating
C1815,2011,13,Logistics,South Korea,IPO,290.93,7,3050,13,12,13,1,5.0,1,0,5,operating
C1816,2008,16,SaaS,Sweden,Seed,0.3,2,2,0,9,0,0,0.0,1,0,4,operating
C1817,2009,15,Media,Germany,Series A,11.14,3,28,3,11,4,0,0.8,2,0,4,operating
C1818,2005,19,FoodTech,France,Series C,35.28,4,93,8,15,9,0,1.8,2,0,1,operating
C1819,2008,16,SaaS,South Korea,Series A,2.19,2,23,2,10,2,0,1.2,3,0,4,acquired
C1820,2020,4,AgriTech,South Korea,Series A,3.05,2,15,4,5,6,0,0.7,3,0,2,operating
C1821,2013,11,E-Commerce,USA,Series B,18.8,3,83,5,8,6,0,1.0,3,0,1,operating
C1822,2005,19,Media,France,Series A,1.02,3,21,5,12,6,0,1.0,2,0,5,operating
C1823,2017,7,E-Commerce,Sweden,Seed,0.45,2,3,2,8,4,0,0.0,2,0,1,closed
C1824,2013,11,AgriTech,Australia,Series A,5.5,2,9,3,11,2,0,0.9,3,0,2,operating
C1825,2014,10,HealthTech,Singapore,Series A,1.66,3,41,6,10,7,1,0.2,2,0,1,operating
C1826,2021,3,E-Commerce,USA,Seed,0.48,1,8,2,6,1,0,0.3,1,0,3,closed
C1827,2010,14,EdTech,India,Series B,10.26,3,71,8,7,6,1,2.2,1,0,4,operating
C1828,2016,8,HealthTech,China,Series A,1.07,3,15,5,5,5,0,1.1,2,0,1,operating
C1829,2014,10,AgriTech,France,Series D+,407.22,6,492,11,6,8,1,3.9,2,0,2,operating
C1830,2013,11,FoodTech,Singapore,Series A,1.6,3,22,4,10,3,0,0.4,3,0,2,acquired
C1831,2000,24,CleanTech,Japan,Series A,0.92,3,27,5,17,7,0,0.2,3,0,2,operating
C1832,2001,23,Biotech,Netherlands,Seed,0.51,1,2,0,19,2,0,0.6,2,0,2,operating
C1833,2018,6,AI/ML,Brazil,Series A,2.21,3,15,2,2,1,0,1.4,2,0,4,operating
C1834,2017,7,EdTech,Singapore,Series B,5.12,4,124,6,5,6,1,1.3,3,0,1,operating
C1835,2010,14,EdTech,China,Seed,1.49,1,2,1,8,2,0,0.0,2,0,4,operating
C1836,2014,10,Media,Canada,IPO,659.98,6,955,11,6,11,1,4.3,3,0,4,operating
C1837,2019,5,Biotech,Netherlands,Series D+,186.92,5,307,9,7,10,0,4.0,2,0,4,operating
C1838,2007,17,Software,Canada,Series C,18.85,5,233,9,12,8,0,2.7,2,1,1,operating
C1839,2005,19,CleanTech,Brazil,Seed,0.54,2,12,3,17,2,0,0.2,3,1,5,operating
C1840,2017,7,Biotech,Sweden,Series D+,61.48,5,362,8,7,6,1,3.6,2,0,5,operating
C1841,2016,8,Gaming,Australia,Series A,4.84,3,51,3,3,4,0,0.8,2,0,5,operating
C1842,2007,17,EdTech,France,Seed,1.29,1,9,2,15,4,1,0.0,2,0,2,acquired
C1843,2012,12,AgriTech,France,Seed,0.07,1,3,3,12,3,0,0.3,3,0,1,operating
C1844,2010,14,FoodTech,USA,Series A,1.1,3,21,6,12,4,0,1.3,2,0,2,operating
C1845,2008,16,FoodTech,Japan,Seed,0.39,1,4,3,14,5,0,0.5,3,0,3,operating
C1846,2012,12,CleanTech,France,Series C,39.31,4,100,10,11,9,0,3.1,2,0,4,operating
C1847,2012,12,CleanTech,Japan,IPO,150.96,6,6417,10,7,9,0,4.6,2,0,2,operating
C1848,2019,5,Media,Canada,Seed,1.4,1,3,0,5,0,0,0.4,1,0,2,operating
C1849,2013,11,FinTech,Singapore,Seed,1.16,1,5,3,5,4,1,0.2,2,0,5,operating
C1850,2010,14,AI/ML,Sweden,IPO,420.73,6,1400,10,7,11,1,5.0,3,0,1,operating
C1851,2002,22,E-Commerce,France,Series A,1.28,2,27,5,18,4,0,1.4,1,0,1,operating
C1852,2020,4,EdTech,Germany,Seed,1.2,1,4,1,1,3,1,0.2,2,0,5,operating
C1853,2006,18,Media,India,Series C,41.03,5,188,7,12,8,0,2.7,3,1,4,operating
C1854,2007,17,Biotech,UK,Seed,1.17,1,2,2,13,2,0,0.7,3,0,3,operating
C1855,2012,12,Media,Germany,Seed,0.34,1,3,1,7,1,0,0.6,2,0,1,closed
C1856,2013,11,AgriTech,India,Series B,8.44,3,71,4,9,5,0,1.6,2,0,1,operating
C1857,2021,3,SaaS,Brazil,Series C,41.35,5,115,9,4,7,0,2.6,1,0,2,operating
C1858,2019,5,AI/ML,Germany,Series D+,108.61,5,80,12,1,10,0,3.5,3,0,1,operating
C1859,2001,23,SaaS,Sweden,Seed,0.24,2,6,3,17,3,0,0.0,2,0,4,operating
C1860,2016,8,Media,Germany,Series B,20.94,4,266,6,3,4,1,2.1,3,0,1,operating
C1861,2018,6,AI/ML,Japan,Series A,2.1,2,13,3,6,2,0,0.5,3,0,1,closed
C1862,2007,17,HealthTech,Germany,Series B,20.63,3,49,5,12,7,0,1.5,2,1,5,operating
C1863,2009,15,Software,Singapore,IPO,79.58,6,1353,14,9,12,0,4.0,3,0,2,operating
C1864,2018,6,FinTech,USA,Series D+,81.28,5,253,11,3,11,0,4.1,3,0,5,operating
C1865,2021,3,Logistics,Singapore,Series D+,132.55,6,388,8,1,6,0,3.8,1,0,2,operating
C1866,2010,14,E-Commerce,Israel,Series A,5.64,2,24,5,13,5,0,0.9,1,0,2,closed
C1867,2003,21,EdTech,China,Series C,108.23,5,461,10,15,8,1,3.0,3,0,3,operating
C1868,2000,24,CleanTech,Germany,Series C,84.03,4,241,6,16,6,0,2.7,2,0,3,operating
C1869,2006,18,Logistics,Australia,IPO,462.16,7,2826,10,16,11,1,5.0,3,0,3,operating
C1870,2012,12,Gaming,France,Seed,0.32,2,2,0,6,3,0,0.4,2,0,3,closed
C1871,2001,23,E-Commerce,Sweden,Series B,10.13,3,181,4,14,5,0,1.3,2,1,5,operating
C1872,2019,5,CleanTech,Australia,Series A,2.82,3,39,6,6,4,0,1.4,2,1,3,operating
C1873,2001,23,E-Commerce,Canada,Series B,23.71,4,88,8,15,7,0,2.1,3,0,4,operating
C1874,2011,13,E-Commerce,China,Series B,21.22,4,136,7,7,6,1,2.4,1,0,3,operating
C1875,2013,11,Media,Canada,IPO,661.06,7,2197,10,5,8,1,4.6,2,0,4,operating
C1876,2016,8,Biotech,India,Series C,83.38,5,421,8,7,8,0,3.7,1,1,1,operating
C1877,2016,8,E-Commerce,Netherlands,Series C,81.74,5,214,7,7,8,0,3.3,3,0,5,operating
C1878,2005,19,Gaming,Israel,IPO,210.36,6,591,13,15,11,0,4.5,1,0,5,operating
C1879,2016,8,FoodTech,China,Seed,0.12,2,6,2,3,2,0,0.0,3,0,3,closed
C1880,2007,17,HealthTech,Australia,Series A,2.86,2,20,3,14,4,0,1.7,1,1,3,operating
C1881,2011,13,Logistics,South Korea,Series B,13.88,4,23,5,11,5,1,2.2,3,0,2,operating
C1882,2013,11,FinTech,France,IPO,278.9,6,995,12,6,11,1,4.8,2,0,5,operating
C1883,2006,18,Hardware,Israel,Series B,4.82,3,29,4,10,3,0,2.2,2,0,5,operating
C1884,2008,16,Media,France,Series A,1.32,3,5,4,14,3,1,0.4,1,1,3,operating
C1885,2013,11,E-Commerce,South Korea,Series B,14.06,3,116,8,6,8,0,0.8,2,0,1,operating
C1886,2000,24,E-Commerce,Brazil,Series C,26.9,5,202,7,14,6,1,3.3,3,0,3,operating
C1887,2019,5,Hardware,Japan,Series A,0.65,2,19,3,6,2,0,1.2,1,1,3,operating
C1888,2008,16,Software,USA,Series D+,49.79,6,965,10,10,11,1,3.4,2,0,4,operating
C1889,2002,22,EdTech,Germany,Seed,0.72,2,5,4,16,3,0,0.7,2,0,5,acquired
C1890,2010,14,Gaming,China,IPO,269.26,6,1251,12,7,10,0,4.8,2,1,1,operating
C1891,2000,24,SaaS,Australia,Series B,9.28,4,123,4,20,5,0,2.4,2,0,4,operating
C1892,2021,3,Gaming,Japan,Series A,2.29,3,16,2,5,1,0,0.1,3,1,4,operating
C1893,2000,24,AI/ML,India,Seed,0.83,1,4,2,17,1,0,0.0,3,0,4,acquired
C1894,2001,23,EdTech,Singapore,Series B,12.05,4,36,4,18,3,0,1.8,2,1,1,operating
C1895,2014,10,E-Commerce,USA,Series C,175.87,5,272,9,8,7,0,2.2,2,0,2,operating
C1896,2012,12,HealthTech,South Korea,Series A,5.79,3,34,3,8,2,1,1.0,2,0,4,operating
C1897,2013,11,EdTech,Israel,IPO,158.54,7,1110,11,6,8,1,4.4,2,0,5,operating
C1898,2008,16,FinTech,USA,Series C,502.36,4,410,8,15,7,0,3.1,3,0,2,operating
C1899,2010,14,Biotech,Sweden,Series A,3.91,3,28,6,9,5,0,1.3,1,1,4,operating
C1900,2000,24,HealthTech,China,Series A,1.67,2,18,5,15,4,0,0.4,2,0,4,operating
C1901,2017,7,Software,France,Series D+,96.11,5,773,8,4,6,0,3.6,3,0,3,operating
C1902,2012,12,CleanTech,France,Series A,3.41,3,9,3,7,4,0,1.4,1,0,5,operating
C1903,2019,5,Biotech,Canada,Series A,2.89,2,20,4,4,5,0,1.6,2,1,1,operating
C1904,2000,24,SaaS,France,Series D+,541.38,6,1164,12,19,9,0,3.6,2,1,1,operating
C1905,2003,21,Biotech,Sweden,Series A,3.83,2,11,6,13,4,0,0.7,2,0,5,operating
C1906,2021,3,EdTech,Japan,Series A,1.29,3,38,2,0,3,0,0.6,3,0,5,acquired
C1907,2005,19,EdTech,Canada,Series D+,80.69,5,287,8,16,9,0,3.6,1,1,3,operating
C1908,2002,22,E-Commerce,Singapore,Seed,1.44,2,6,3,16,4,0,0.5,3,0,4,operating
C1909,2014,10,E-Commerce,South Korea,Series A,6.41,2,55,5,11,6,0,0.5,3,1,4,operating
C1910,2019,5,CleanTech,Sweden,Series A,8.69,3,28,4,4,4,0,0.6,2,0,3,operating
C1911,2000,24,AI/ML,Australia,Series C,23.13,5,203,6,15,6,0,2.5,2,0,3,operating
C1912,2014,10,SaaS,France,Series A,10.53,2,13,6,6,4,1,0.2,2,0,1,acquired
C1913,2014,10,Biotech,Brazil,Series B,21.84,3,34,6,5,6,0,2.4,1,0,1,acquired
C1914,2001,23,Software,Brazil,Series A,4.61,2,35,6,17,7,1,0.4,2,0,2,operating
C1915,2017,7,Hardware,Singapore,Seed,0.37,1,14,2,8,3,1,0.6,1,0,4,acquired
C1916,2018,6,Gaming,Brazil,Seed,0.41,2,5,4,3,4,0,0.7,1,0,2,operating
C1917,2005,19,E-Commerce,India,Series A,3.82,2,19,2,16,2,0,1.4,3,1,2,operating
C1918,2001,23,Logistics,France,Series A,2.53,3,73,5,16,6,1,0.5,1,0,1,operating
C1919,2014,10,HealthTech,China,Series A,1.14,2,16,3,5,5,0,1.0,2,0,1,acquired
C1920,2012,12,EdTech,Netherlands,Seed,0.49,1,10,0,11,3,0,0.8,1,0,4,operating
C1921,2007,17,Biotech,Brazil,Seed,0.29,1,4,2,13,1,0,0.4,3,1,5,operating
C1922,2015,9,Media,UK,Series A,2.66,2,37,6,8,5,0,1.2,3,0,5,operating
C1923,2004,20,Biotech,China,Series A,2.11,2,20,4,14,5,0,1.2,2,1,1,operating
C1924,2005,19,E-Commerce,Sweden,Series A,6.4,3,12,3,15,4,0,0.6,3,0,2,operating
C1925,2013,11,Media,Brazil,Series B,17.19,3,178,4,9,5,0,0.5,3,0,5,operating
C1926,2015,9,FinTech,Brazil,Series A,1.86,3,5,3,10,3,1,0.8,2,0,5,operating
C1927,2020,4,Biotech,Japan,IPO,172.38,7,4086,11,0,8,1,3.9,2,0,2,operating
C1928,2010,14,SaaS,Australia,Series A,1.77,3,54,5,10,6,0,0.6,3,0,4,operating
C1929,2013,11,AgriTech,Japan,Series A,3.14,3,25,5,6,5,0,1.2,2,0,4,operating
C1930,2016,8,Logistics,UK,Series D+,148.29,6,483,8,7,8,0,3.5,1,0,5,operating
C1931,2007,17,CleanTech,USA,Series C,22.75,4,332,9,14,8,0,2.5,3,0,5,operating
C1932,2008,16,EdTech,Israel,Seed,0.49,2,1,3,15,5,0,0.3,2,0,2,closed
C1933,2000,24,FoodTech,USA,Series A,3.29,3,11,5,20,4,0,0.4,2,0,4,operating
C1934,2015,9,E-Commerce,Sweden,Series D+,134.24,5,665,9,4,9,1,4.4,1,0,2,operating
C1935,2017,7,FinTech,Germany,Series B,8.53,4,37,8,3,6,0,2.0,2,0,2,operating
C1936,2020,4,AI/ML,Sweden,Series A,4.77,2,25,3,3,2,0,0.8,2,1,5,acquired
C1937,2019,5,AgriTech,Germany,IPO,699.12,6,1578,10,6,11,0,4.4,1,0,4,operating
C1938,2021,3,FoodTech,USA,Series B,36.67,4,36,6,1,4,0,2.6,2,1,3,operating
C1939,2020,4,CleanTech,Netherlands,Seed,0.21,2,8,4,1,5,0,0.3,2,0,3,closed
C1940,2014,10,EdTech,India,Series B,69.59,3,104,6,11,7,0,1.8,2,0,4,operating
C1941,2009,15,HealthTech,Singapore,Seed,0.15,1,8,2,14,4,0,0.2,1,0,2,acquired
C1942,2007,17,Software,India,Seed,0.32,1,5,4,15,4,0,1.0,2,0,3,acquired
C1943,2018,6,Biotech,China,Series D+,128.05,6,758,9,2,8,1,3.3,2,0,5,operating
C1944,2014,10,Media,China,Seed,0.6,1,6,0,9,3,0,0.0,1,1,4,closed
C1945,2001,23,FoodTech,France,Series C,30.46,4,208,10,18,11,0,3.2,2,1,4,operating
C1946,2007,17,CleanTech,Australia,Series B,17.56,4,99,4,14,6,1,1.6,1,1,4,operating
C1947,2016,8,EdTech,India,Seed,0.77,1,6,1,6,3,1,0.4,3,1,3,operating
C1948,2010,14,EdTech,USA,IPO,364.65,6,911,12,12,9,0,4.3,1,1,3,operating
C1949,2019,5,Software,Japan,IPO,2304.72,7,1148,12,1,9,0,4.3,2,0,5,operating
C1950,2009,15,FinTech,Germany,Series C,141.15,5,91,6,9,4,0,3.0,2,1,4,operating
C1951,2021,3,FinTech,India,Seed,0.22,1,7,3,5,3,0,0.0,1,0,4,operating
C1952,2017,7,HealthTech,USA,Series D+,85.12,5,756,9,6,7,1,3.5,2,1,5,operating
C1953,2019,5,EdTech,Japan,Series A,2.6,3,41,6,1,4,0,1.0,3,0,2,operating
C1954,2017,7,Biotech,China,Series A,1.15,3,62,2,6,2,1,0.9,2,0,2,operating
C1955,2014,10,FoodTech,Australia,Seed,0.42,2,9,4,6,6,0,0.0,1,0,1,closed
C1956,2012,12,EdTech,Netherlands,Series C,34.6,4,346,7,8,8,0,3.2,3,0,3,operating
C1957,2004,20,FinTech,USA,Series C,34.57,5,78,10,14,9,1,2.3,3,0,2,operating
C1958,2011,13,SaaS,India,Series B,47.06,4,83,7,7,5,1,1.1,3,0,1,operating
C1959,2004,20,CleanTech,France,Series A,6.09,3,32,5,18,7,0,0.6,1,0,4,operating
C1960,2011,13,FinTech,Canada,Seed,0.04,1,10,4,10,5,0,0.0,3,1,3,closed
C1961,2018,6,Media,USA,IPO,442.84,7,1441,11,6,9,1,4.4,1,0,2,operating
C1962,2005,19,AgriTech,Canada,Seed,0.43,1,3,2,13,2,1,0.1,3,0,1,operating
C1963,2002,22,AI/ML,Brazil,Series C,58.49,4,160,9,16,7,0,2.5,2,0,5,operating
C1964,2015,9,FinTech,Netherlands,Series A,6.37,2,38,6,7,7,0,1.3,2,0,3,operating
C1965,2010,14,CleanTech,Canada,Series A,1.1,2,25,6,8,4,0,1.1,2,0,1,operating
C1966,2003,21,SaaS,Japan,Seed,0.16,2,6,0,13,2,1,0.0,2,0,2,operating
C1967,2000,24,CleanTech,South Korea,Seed,0.54,1,4,3,17,5,0,0.5,3,0,5,operating
C1968,2020,4,FoodTech,Canada,Series B,14.0,3,69,7,4,8,0,1.2,3,0,2,operating
C1969,2012,12,Software,Germany,Series A,1.44,3,38,6,7,7,0,0.5,3,0,4,operating
C1970,2021,3,AgriTech,Canada,Seed,0.07,1,4,1,0,2,0,0.0,2,1,4,operating
C1971,2011,13,SaaS,USA,Series D+,63.97,6,678,9,9,10,1,3.6,2,0,4,operating
C1972,2019,5,Gaming,Australia,Series A,3.88,3,13,3,6,4,0,0.7,3,0,2,operating
C1973,2009,15,Logistics,UK,Seed,0.55,1,6,3,12,5,0,0.8,2,0,4,operating
C1974,2003,21,Software,Netherlands,Seed,0.27,2,7,4,12,5,0,0.0,3,0,4,operating
C1975,2010,14,AI/ML,Sweden,Seed,0.53,1,4,0,8,2,0,0.0,2,0,1,operating
C1976,2019,5,Logistics,Israel,Series B,20.31,3,37,8,5,7,0,2.1,3,0,2,operating
C1977,2008,16,AgriTech,China,Seed,0.54,2,12,3,15,4,0,0.0,1,0,2,closed
C1978,2017,7,AI/ML,France,Series D+,115.64,5,686,11,4,8,0,4.2,1,0,4,operating
C1979,2016,8,CleanTech,Netherlands,Series D+,90.8,6,946,10,4,11,0,3.5,2,0,3,operating
C1980,2013,11,FinTech,Brazil,IPO,419.05,7,1147,11,8,8,0,4.0,2,0,2,operating
C1981,2001,23,Software,Germany,Seed,0.73,1,10,4,17,6,0,0.0,2,1,4,operating
C1982,2011,13,FoodTech,Israel,Seed,0.92,1,2,0,11,3,0,0.4,2,0,4,closed
C1983,2021,3,E-Commerce,Brazil,Seed,0.46,1,2,4,5,5,0,0.0,3,0,4,closed
C1984,2008,16,Biotech,India,IPO,263.17,6,814,11,14,11,0,5.0,2,0,4,operating
C1985,2013,11,Media,UK,Seed,0.26,1,2,1,10,1,0,0.1,2,0,4,acquired
C1986,2014,10,Hardware,India,Series A,6.14,3,8,4,9,5,0,1.2,1,0,5,operating
C1987,2020,4,SaaS,Canada,Series D+,77.42,5,964,10,6,10,0,3.6,2,0,1,operating
C1988,2007,17,E-Commerce,Germany,Series D+,186.85,6,783,12,13,11,1,3.1,2,0,4,operating
C1989,2006,18,CleanTech,Singapore,Series A,3.35,3,22,6,14,7,1,0.7,2,0,5,operating
C1990,2021,3,HealthTech,USA,Series B,9.24,4,34,4,1,3,0,2.4,3,0,5,operating
C1991,2001,23,FinTech,USA,Series A,6.38,2,14,3,18,2,0,1.4,1,1,1,operating
C1992,2012,12,Logistics,Japan,Series A,2.62,2,11,4,9,6,0,0.9,1,0,3,operating
C1993,2011,13,AgriTech,Canada,Series B,13.36,3,52,8,11,8,0,0.9,2,0,5,operating
C1994,2017,7,Hardware,Singapore,Seed,0.47,1,3,4,4,6,0,0.3,3,0,2,closed
C1995,2018,6,Biotech,China,Series D+,321.01,5,1357,9,8,10,0,3.3,2,0,4,operating
C1996,2020,4,Hardware,Singapore,Series A,1.97,2,12,4,3,6,0,1.0,2,0,3,operating
C1997,2015,9,AI/ML,Germany,Series B,14.97,4,103,7,10,5,0,2.0,1,1,3,operating
C1998,2011,13,SaaS,Australia,Series C,28.86,4,60,10,10,8,0,2.4,2,0,4,operating
C1999,2020,4,SaaS,Canada,Series A,7.89,2,17,2,2,3,0,0.9,1,1,4,operating
